num_opportunities,EMP_2016
1,304694.05831676
2,389946.27954734
3,505826.84422898
4,552737.11966858
5,547442.31551748
6,342568.37468804
7,447450.14120668
8,395845.74890764
9,297697.62840076
10,387620.66789794003
11,337462.87429974
12,357991.37278064
13,436547.72959338
14,477342.62094158
15,380423.792896
16,500344.10169598
17,405817.66463448
18,447261.55751248
19,452361.84754708
20,505726.81285719003
21,543133.29135498
22,562585.60558558
23,567579.61910419
24,502035.92175298
25,561914.87835858
26,636538.33103056
27,556586.60824398
28,570026.37141618
29,603360.04622597
30,582374.35648518
31,584156.49961978
32,598863.0037857901
33,601496.34462546
34,600454.19982746
35,468243.08046278
36,602235.37461709
37,632414.4598938
38,637975.16870629
39,635763.88466627
40,658175.35481857
41,624951.80577686
42,623055.52608046
43,614530.58437669
44,626874.45203206
45,628601.56858656
46,692195.00284025
47,708018.52420914
48,684662.15054297
49,640322.72985947
50,646665.6171236701
51,645267.08206129
52,654341.81264016
53,559004.54833228
54,659198.2120435
55,674158.86770717
56,703478.12667875
57,717208.74573034
58,687825.97247934
59,656591.58408674
60,659034.69857528
61,681893.36436336
62,655577.16851236
63,665915.45917216
64,279396.80276156
65,532611.43285738
66,553881.99435698
67,595570.29412709
68,626011.6700988
69,656167.89898859
70,617233.70891589
71,661934.21159034
72,630838.19883779
73,643861.09532854
74,655238.18175546
75,661320.95479256
76,675412.00453716
77,696781.8551389601
78,591135.726112312
79,542061.64255078
80,575472.74329969
81,602007.7967771901
82,628226.88482576
83,622631.14121036
84,635698.67540916
85,643941.52238916
86,664435.13752376
87,681737.19611136
88,561994.646782132
89,509179.326293552
90,536905.21443078
91,507687.76703398
92,629171.96119156
93,670392.42843576
94,694974.45357973
95,708250.72559483
96,703359.34407903
97,659982.86921096
98,673391.83419056
99,580226.82015709
100,541650.02888149
101,629217.79202846
102,642977.14162056
103,738848.34260843
104,774605.98517885
105,748468.65359705
106,709353.16830918
107,681985.84909336
108,479547.315341
109,606152.33873146
110,635787.79679616
111,705289.5609594301
112,744324.29905773
113,699229.30805503
114,646199.41007556
115,679966.50859226
116,695264.42576646
117,584761.99342698
118,632272.40808586
119,663612.86562298
120,663586.36158328
121,679236.84019416
122,668175.55270136
123,626821.63643128
124,614758.09985188
125,549709.18811008
126,577839.0255581801
127,617046.87985668
128,637911.85928506
129,654747.41839326
130,639290.6589393601
131,616418.23600328
132,642089.01934336
133,645309.62473256
134,677362.09597905
135,617862.2285454801
136,487540.9955141
137,617862.2285454801
138,684073.38222686
139,661278.17321918
140,617199.34823838
141,588138.30264338
142,654730.73620858
143,691644.60437573
144,589337.86605268
145,695087.51098786
146,757147.87703957
147,16745.5369016
148,83546.30350558
149,528643.07586748
150,521584.07692758
151,451304.26949518
152,425229.504077772
153,486736.638056682
154,601360.352243812
155,543724.288654232
156,477372.271254752
157,442247.323634352
158,402037.0128348
159,491975.67488320003
160,552968.19332598
161,677554.69643254
162,662111.08572396
163,102828.50624906
164,245372.50651796
165,394722.24338390003
166,277078.33224206
167,185414.20686146
168,548999.27470371
169,477002.7310803
170,490000.4284444
171,541644.8154769
172,450180.645079
173,320642.55941126
174,646578.06059066
175,481084.44723437
176,586009.43832936
177,614430.53370368
178,543579.96248308
179,494666.2238294
180,388003.5331898
181,554074.38128448
182,528820.75991108
183,419907.26769727
184,531156.76384038
185,441353.17739817
186,423034.270559732
187,566104.4491140121
188,579859.96889568
189,573563.61814358
190,532768.24301058
191,514073.04984608
192,643973.91293968
193,539487.03975358
194,745287.24691535
195,617195.20535228
196,439019.63369428
197,744884.93685635
198,608295.50285358
199,419798.50961358
200,627705.12653415
201,572355.6040565
202,415699.41301828
205,563691.94188578
206,470594.70310728
207,334235.24350157
208,639296.00585723
209,416643.86502428
210,590325.72459479
211,573895.95025029
212,450404.78602237
213,421201.83023077
214,263222.04351068
215,685872.31264379
216,395633.13380175
217,517120.94857847
218,432414.26066277
219,433588.02718197
220,324633.54478798
221,143340.44749222
222,433501.27429227
223,58253.43987061
224,504713.44131587003
225,78841.58559161
226,90553.539788052
227,242057.701058562
228,254817.220026352
229,164668.566327452
230,75715.346449752
231,161914.27384544
232,237218.96072612
233,210765.981532672
236,140646.47624404
237,86075.2580141
238,95617.4041116
239,334482.4059208
240,549248.19437647
241,99051.17357114
242,192899.96126693
243,213602.50959394
244,545939.69918537
245,307154.05617234
246,258574.82547281001
247,321713.11401689
248,360390.43224124
249,364607.71688849
250,126703.47377866
251,73531.84092256
252,110316.35715530001
253,57746.2734554
254,452590.24737409
255,322396.67943861
256,191964.51095124
257,93446.28139201
258,204693.90095639
259,90204.00120443
260,79086.84443404
261,61089.3444534
262,94947.28603051
263,54043.0567926
264,337505.433061
265,47060.56598832
266,76903.59663603
267,43515.82652284
268,207485.71455139
270,371603.51653337
271,386853.91180115
272,146451.09229902
273,155405.31925242
274,327176.93626227
275,241638.80625228
276,89936.18253688
277,264170.80580591003
278,77731.70340268
279,418131.79529321
280,62849.98266828
281,140439.45261115
282,48231.6315274
283,164759.89505333
284,170373.04015465
285,106466.58514117
286,39230.60469491
287,76483.92380433
288,50830.04846273
289,53395.36062536
290,44091.15161506
291,463595.05174853
292,281518.79874685
300,25263.13871761
301,20851.82179293
302,14496.32708047
303,16122.912535
304,21193.46857027
305,73922.60948446
306,20887.55253507
307,30888.99394287
308,19264.17484397
309,256002.70097849
310,29906.873639870002
311,7270.88044247
312,14554.317494660001
313,11895.20033732
314,30385.61310717
315,31507.61984057
316,104723.31364061
317,90548.71812146
318,47831.80018702
319,218715.79073794
320,160509.52756094
321,65962.60532899
322,89531.06660454
323,36114.40707467
324,35578.6280674
325,59216.21394522
328,158034.23794194
329,52240.83567922
330,38419.6662057
331,294206.04076487
332,27103.115869100002
333,63427.68090742
334,1324.564465
400,9822.4378324
401,11972.640916600001
402,12743.6184684
405,14869.9571934
406,18489.8965632
407,15947.4997501
408,30654.9928402
409,60449.39249731
410,109104.80619503
411,421255.32219454
412,63091.42451466
413,24383.03525945
414,63715.91440221
415,18086.19137555
416,37056.13104545
417,10342.41336513
418,89858.50415594
420,44315.05528535
421,14957.6156998
422,15834.4925518
423,13591.739743
424,14954.6987951
425,14279.8513035
426,15190.8696989
428,9693.8143077
429,8396.657101499999
430,4668.5314690000005
433,109995.30220623
434,22853.95664081
435,3402.1453020000004
500,64866.16197758
501,30413.2202903
502,36334.5514731
503,26050.3985031
504,25701.549473
505,31763.556064099997
508,18431.4610463
509,18845.2493658
510,18570.2611007
511,27598.1668949
512,24975.7551348
513,22105.3241706
514,23988.7568239
517,505109.760865
518,305243.80804838
519,168017.53434768
520,215741.15538868
521,110364.02646428
522,47779.049431
523,56643.795936
524,34616.1904327
525,396580.56971396
527,16785.7152142
530,14753.6354737
531,120796.74465487999
532,33297.340635
533,18253.9378148
534,343835.80825646
535,94243.14884108
536,200645.52727207998
537,444844.6375774
538,15733.5476912
539,503027.8145205
540,10752.9473611
541,288456.43428348
542,31867.5631231
543,24679.2149657
544,24217.011686
545,36291.2274802
548,6632.5964147
549,6319.2327666
550,19062.9271705
551,8137.5718535
554,178435.11727166
555,297712.71623526
556,402571.5979159
557,227066.42772756
558,303165.21808026
559,394301.38129347
560,206737.09776376
561,242560.97406946
562,283675.45161976
563,340554.25017896
564,84255.66259028
565,142798.01030919
566,168280.97076169
567,88993.96961696
570,1746.5331316
571,4219.4067373
572,5662.1937092
573,9370.5683232
574,10147.7140758
575,3235.722042
577,100875.27434088
578,180165.15098086
579,340741.16677708
580,103161.03345918
600,36623.220020400004
601,19013.9567006
602,31121.9148679
603,17824.3664306
604,31793.6964796
605,33606.6575563
606,29044.1490955
607,17435.5175444
608,23136.8881688
609,75617.02360356
610,38289.76529785
611,207488.09452175
612,37665.7225032
613,223122.39213805
614,36675.468845460004
615,60481.51858465
616,21173.51893225
617,36317.41635735
618,70816.30731455
619,32321.08217475
620,38628.57283852
621,39478.27196015
622,40987.50506675
624,19080.807825070002
625,17223.3008827
626,492.7850103
627,14787.80649697
628,14843.4944932
629,14805.54212427
630,14860.12206897
631,8389.69773347
632,4017.50588617
633,5557.37610317
634,3296.02761919
635,240.59718442000002
636,33288.51613037
637,34250.6027155
638,11018.8936146
639,9939.0719948
640,27721.05109647
641,18885.373950999998
642,16338.67324077
643,12034.13349297
644,27329.85053417
645,14236.28282437
646,12968.25432167
647,12496.16506587
650,30705.8457001
651,45071.2682161
652,27093.5972167
653,45654.6244706
654,162619.70276998
655,31310.2276444
656,220385.34828009
657,50289.9805406
658,31434.6133564
659,29674.37994713
660,34998.1185417
661,35998.75270363
662,14784.06029
663,31694.657733750002
664,8330.3015573
665,51733.4670545
666,379209.0887853
667,39983.5855029
668,68543.5396676
700,8330.3015573
701,3446.3236343
702,14063.8154546
703,11459.4728435
704,9695.1674673
705,70369.7326628
706,79557.00883969999
707,38034.1162948
710,38506.502578
711,69384.2959378
712,44955.6867694
713,25325.9155032
714,20072.93551
715,17729.6597549
716,16584.695558
717,10231.4557871
718,41081.601205599996
719,261267.995083
720,42554.9910716
723,45056.3414748
724,12836.6959705
725,135082.2690763
726,9338.9612355
727,12736.4153629
728,11796.548707400001
731,38590.4809006
732,9750.1300102
733,102736.9967497
734,156552.5166424
735,19869.1471246
736,581124.94405121
737,253694.57095441
738,351636.21192338
739,123284.6493143
740,88130.8083986
741,222872.0652407
742,221972.1603436
743,21123.3776474
744,250731.38325891
745,88882.50054158
800,32.68154633
801,23900.324852600002
802,61706.2908565
803,24928.62786118
804,254505.59308018
805,18919.3373591
806,52442.62404878
807,406848.97590946
808,311462.16162018
812,67269.361116852
813,66916.768940562
814,48221.897475462
815,28302.545941152
816,55523.492669772
817,74550.887392272
818,69928.525125852
819,73984.87467651001
820,79883.11939126201
821,36934.174115672
824,300665.0527716
825,307859.787144452
826,459089.725171592
827,422466.20813806
828,551724.44552598
829,10935.071630252
830,11038.6096209
831,362558.401961812
832,199618.220428462
833,103592.797492762
834,63573.016470462004
835,89477.869161062
836,549959.496830532
837,334923.078667632
894,61053.7224056
895,231119.03768871
896,205872.49863395
897,23169.8068685
898,41809.86011741
899,12857.4874558
900,27785.45772591
901,29041.807290509998
902,26317.49030291
903,38538.358636209996
904,84046.70011301
905,17920.70115396
906,20968.13740297
907,16153.596108009999
910,198691.1149656
911,36082.8300476
912,23864.23478091
913,276832.01775011
914,29371.970536599998
915,134551.91488951
916,29655.6464228
917,77732.7928354
918,40794.7032889
919,28514.24947081
920,30809.144493
921,46915.62852971
922,34691.907921109996
924,32575.10982287
925,12529.06580155
926,15021.28497316
927,24950.53088472
928,11503.20769082
931,26392.87959751
932,20695.09829
933,25714.87171516
934,23296.070752
935,22919.6606138
936,25618.95965535
939,189359.494440852
940,30557.731515532
941,32064.006538922
942,15466.04359797
943,18569.857851099998
944,24252.20714747
945,28941.79687682
946,22446.75904787
949,13925.489485962
950,175236.46141091
951,37279.070532812
952,113352.903851612
953,124479.3288783
954,41311.490326212
955,22205.10213771
958,31464.2092721
959,9915.8390119
960,13768.2093907
961,28828.6288707
962,13431.3151512
963,59660.256152199996
964,39832.541928779996
965,17946.223283
966,26131.9213153
967,35399.701133099996
968,40037.8254267
969,95636.83158554
970,160860.87824384
971,101850.69569374
972,10677.4617066
973,20651.810911599998
974,53872.163807799996
975,29776.7171591
976,2113.309602
977,10954.8792264
978,3082.5186264
979,22360.2746004
980,30688.7573093
981,9729.7194711
982,23459.4631575
983,23665.9631673
984,3024.2682640999997
999,37481.17118898
1000,9102.390478500001
1001,5976.3029875
1002,10370.900031500001
1003,13588.61626801
1004,3823.20454784
1005,4097.45318869
1006,46838.22195719
1007,103879.30893154
1008,4167.53935584
1009,76153.40605078
1010,31374.42985832
1011,50970.11379319
1012,22159.26601882
1013,64062.24201033
1014,898.8967064
1015,58984.2144704
1016,36750.0338841
1017,49383.0431903
1018,54884.157014000004
1019,81522.8473786
1020,52767.19290517
1021,60585.03934107
1022,34607.63272887
1023,88927.30891657001
1024,65851.11666686
1025,89952.0534346
1026,80921.70907656
1027,70649.88282246
1028,56813.147893170004
1029,66460.97587586001
1030,267486.9302677
1031,17856.728428899998
1032,2647.1760448
1033,4836.4138839
1034,4410.515375800001
1035,8649.9054493
1036,81339.35565125
1037,37423.21383355
1038,14819.0045701
1039,12740.1445081
1040,7906.1433472
1041,26806.8480959
1042,26846.94070026
1043,51519.968059
1044,44160.43643255
1045,57574.28485225
1046,55578.427759750004
1047,38067.32171065
1048,85503.28959055
1049,106677.31436395
1050,135360.16909244
1051,66854.3384049
1052,112195.75758735
1053,108129.73162951
1054,94358.88181825
1055,148631.08719244
1056,95825.51882324
1057,126922.62381232
1058,111283.85934965
1059,146307.30874784
1060,77207.34781874
1061,85316.49355243
1062,97162.75456054
1063,67267.35252709
1064,66058.99644329
1065,73454.92443933
1066,56402.91844519
1067,57423.8131951
1068,10124.4525252
1069,68965.06907513
1070,35384.52512648
1071,6178.7281756
1072,52835.72443959
1073,73702.18319767
1074,94725.42844935
1075,15819.9932257
1076,23782.4448319
1077,25795.031204760002
1078,10063.029521100001
1079,17015.85570696
1080,2587.7971012
1081,29735.58054265
1082,13667.9391596
1083,5342.66595815
1084,42968.02941825
1085,83164.01820806
1087,8995.9721955
1088,22888.512804859998
1089,9321.1290476
1090,4760.088232
1091,6340.8881509
1092,3960.0788795
1093,104112.81507056
1095,91422.08760799
1096,4398.41090471
1097,67483.72761139
1099,102464.1360674
1100,2858.8440474999998
1101,3313.7681052
1102,8166.46018142
1103,5714.53543441
1104,4171.53812321
1105,9285.77805501
1106,9385.08480662
1107,8622.879541
1108,10018.2579683
1109,6878.78818792
1110,9535.37308462
1111,22162.80662507
1112,37917.46775097
1113,4740.53223999
1114,2062.05212246
1115,3286.2414981800002
1116,8834.24090506
1117,24336.30354846
1118,12532.6526964
1119,37904.54345146
1120,20516.30472246
1121,7611.515800300001
1122,35611.10700896
1123,16808.3746824
1124,14467.787241600001
1125,44116.57683956
1126,59556.80157206
1127,2564.8333519
1128,3247.12442816
1129,6298.62734408
1130,2332.05643849
1131,9792.15592966
1132,2487.9428118
1133,2417.14131659
1134,5896.8148902699995
1135,3439.52872156
1198,4512.20681151
1200,6384.6344562
1201,8751.6784433
1202,6898.3166898
1203,9068.8277331
1204,5858.3732849
1205,5523.0042727
1206,8510.3592436
1207,5891.8509443
1209,21139.26415358
1210,12754.4190175
1211,7213.6297253
1212,9175.1377546
1213,11123.2213249
1214,9005.573158899999
1215,15796.752011
1216,7462.5406739850005
1217,2952.1305248999997
1218,38363.11988158
1219,40949.62802448
1220,83899.61117193999
1221,22570.80474866
1222,52437.80031978
1223,13862.52152296
1224,83605.74601424
1225,12840.07483006
1226,31613.47319344
1227,33025.85570788
1228,30063.89850577
1229,7326.47234577
1230,10633.46506626
1231,7875.00137936
1234,3537.9582500107
1235,1722.02284354
1236,2750.61553814
1237,3831.93498233
1238,3681.550312
1239,4122.5940497107
1240,2320.21619994
1241,2156.4570337507
1242,2748.02955794
1243,2538.4705723
1244,1891.4718978107
1245,6068.551673800001
1246,20108.659145110698
1249,8423.59842976
1250,3959.19456687
1251,6259.9449044600005
1252,7241.51884166
1253,27088.515721895
1254,9601.537391670001
1255,10889.51071789
1256,9236.57425836
1257,6646.8655568
1260,3312.2689941
1261,8937.21284969
1262,3324.97333925
1263,23155.9638127507
1264,12059.24469035
1265,11810.10090885
1266,13457.83144455
1267,24540.270592935
1270,5264.1664898300005
1271,25623.535646930002
1272,26459.35244123
1273,31831.34719449
1274,31460.61144639
1275,6539.79129519
1276,24325.59302489
1277,67248.419572265
1278,9881.47183135
1279,8840.54650345
1280,8021.40902475
1281,44222.55804884
1283,7784.9616437
1284,8114.8796447
1285,5832.3646737
1286,3333.4668443
1289,12022.0970568
1300,32782.18591408
1301,25970.665926679998
1302,1126.215183
1303,17664.03260268
1304,27722.17462378
1305,34116.79352628
1306,44077.31533028
1307,6366.235953779999
1308,11665.79476221
1309,95950.31607778
1310,6504.39860561
1311,8262.64846115
1312,6058.12199183
1313,10800.3392678
1314,7444.2165716
1315,7998.01076783
1316,13541.41329768
1317,11127.47540238
1318,21605.365063600002
1319,3958.8897536
1320,13889.336587599999
1321,35783.8264116
1322,16237.507073
1323,25761.19255158
1324,18441.458950599997
1325,47538.2528648
1326,149295.2174224
1327,29358.27714308
1328,26807.1338993
1329,19205.486944
1330,23054.3502343
1331,13683.415285300001
1332,35512.6914985
1333,6106.1265268
1334,25899.92293898
1335,20030.1392363
1336,14621.84876048
1337,16495.6681953
1338,9340.384363199999
1339,7909.1470980700005
1340,5286.7415416
1341,40962.09273815
1342,3811.47447937
1343,12113.651752400001
1344,7381.47476187
1345,7437.56761503
1346,1281.652971
1347,7404.02875543
1348,12998.71323177
1349,25027.602773079998
1351,4768.1853706
1400,3689.3895754
1401,3689.3895754
1402,18363.577833620002
1403,7134.00497092
1404,13347.59324622
1405,5160.3794658199995
1406,133916.983863917
1407,173804.815065392
1408,12303.379428619999
1409,19810.48372182
1410,7903.52821411
1413,3575.5735987
1414,9260.139223099999
1415,4754.6911222
1416,4791.303534
1417,732.77843564
1418,4979.37087814
1419,5464.8103177
1420,12060.18964654
1421,9846.60745084
1422,7629.39287366
1500,3847.1113636200002
1501,18221.8945115
1502,6974.14527079
1503,17289.73155442
1504,5354.13489382
1505,4920.32178862
1506,39136.66481544
1507,35490.5628258
1508,6820.77619748
1509,6154.07705222
1510,25900.7409234
1511,7339.0794544
1512,11679.2317845
1515,11085.6574897
1516,3123.0235766
1517,13429.7079818
1518,12520.073030200001
1519,12297.1241577
1520,15787.1823628
1521,14646.8639465
1522,12229.6063559
1525,17237.505726800002
1526,17562.1395451
1527,9638.534432
1528,6768.8431007
1529,3328.6540455
1533,16776.029895
1534,50129.0873977
1535,47792.707379
1536,29528.0062445
1537,86606.4702898
1538,12894.25973072
1539,116390.9820685
1540,76761.72989292
1541,76947.4404732
1542,20066.94840095
1543,91014.13613854
1544,79284.1990552
1545,88347.15019595
1546,12694.85966722
1547,68758.0158646
1548,73843.33052275001
1549,53069.77192632
1550,76344.12789781
1551,16989.87542033
1552,98618.88789212
1553,173758.619059507
1554,27384.856674590003
1555,45126.2275923
1556,34036.8748529
1557,60471.7906207
1558,11107.287743
1559,7965.7868139
1560,2902.1811958000003
1561,2956.0001377
1562,252327.6106278
1563,7187.3955501
1564,4804.53135722
1565,20516.0386927
1566,3351.0580424
1567,10705.9031289
1568,29106.8063327
1569,19217.238801299998
1570,23267.3887573
1571,37705.080474200004
1572,3792.9058541
1573,29927.4686846
1574,14221.6618769
1575,23482.0938774
1576,28046.9979384
1577,16336.6311635
1578,23759.0783643
1581,33150.360671200004
1582,9660.9868665
1583,35079.252999899996
1584,36981.3306522
1585,29670.1082069
1586,34444.7692276
1587,30376.5145005
1588,4656.6139217
1589,49145.2104219
1590,21504.1801218
1591,36193.9484931
1600,354.3849514
1601,2389.094286
1602,205.2454598
1603,394.77280629999996
1604,1045.8856471
1605,179.8953805
1606,865.7012949
1607,9483.8367063
1608,236.7874216
1609,15539.2350854
1612,290.57884608
1613,290.57884608
1614,229.2911926
1615,322.9601346
1616,463.4632515
1617,852.8161537999999
1618,238.9812642
1619,14619.35534529
1620,13629.850898379998
1621,9222.9582006
1622,732.1952186
1623,6782.4315371
1624,15026.92868729
1625,20040.48005718
1626,13390.63249709
1627,22495.18297678
1628,18189.83655859
1629,11730.16215989
1630,22568.66618638
1631,19934.68736299
1632,10530.420028789998
1633,15621.27026379
1634,15081.71677549
1635,19472.83517979
1637,379.3032164
1638,2183.4131562000002
1639,2277.4385586
1640,10334.020874389998
1641,2541.5258375900003
1642,3275.1728
1643,6735.0372225
1644,6440.86332019
1645,5979.4944924
1700,917.79045839
1701,17624.5685108
1702,299.0684531
1703,36697.56282558
1704,5101.3450408
1705,21386.4829271
1706,9619.4457491
1707,1073.237518
1708,3807.7362715
1710,9766.8109752
1711,37194.2100291
1712,29980.5745998
1713,9785.4176475
1714,94149.781863
1715,778.3905656
1716,37490.1057992
1717,2183.8464356
1720,3700.75509
1721,11518.675798
1722,7421.6540780899995
1723,824.1559731
1724,8195.7074732
1725,13197.7814218
1726,33336.419475250004
1729,272.491153
1730,2886.1037087
1731,3094.7458841
1732,8586.8936062
1733,2388.0043536
1734,3031.7554285
1735,542.5527698999999
1736,4015.5195347999997
1739,1494.326468
1740,2013.0735911000002
1741,1730.9139326999998
1742,14014.812791389999
1743,2260.3449693000002
1744,2766.9940992
1745,1295.9373664
1748,556.615942
1749,5491.0428147
1750,1148.9927571
1751,13596.67176249
1752,4701.0024242
1753,13572.34318509
1754,2070.6577449
1755,3203.198884
1800,35268.378136399995
1801,23075.7629073
1802,55866.4201733
1803,105601.3372068
1804,67821.3544812
1805,277350.30179512
1806,365299.82897102
1807,123925.50486648
1808,132550.9050738
1809,153397.62802529
1810,150446.2012734
1811,241285.59040379
1812,234580.34013499
1813,23342.4678204
1814,1758.3371501000001
1815,42990.62963588
1816,19165.577385290002
1817,18787.83466819
1818,33800.43074819
1819,55368.35527169
1820,107193.32460329
1821,20999.15564079
1823,17460.833879290003
1824,19968.71032939
1825,105496.38800109
1826,17241.70387031
1827,13892.719249500002
1828,38359.48652249
1829,51730.1327016
1830,5409.2723628
1831,109823.7599254
1832,155149.1679277
1833,4754.176175
1834,15241.4219136
1835,22657.968725
1836,171664.8566396
1837,225940.1750561
1838,83273.2035257
1839,181481.8340632
1840,90833.5615071
1841,108912.4514475
1842,182931.9769231
1843,146639.4288974
1844,451784.8358774
1845,238179.4957813
1846,291342.0196626
1847,452.3870846
1848,23576.4575873
1849,6829.8905284
1850,239329.219415
1851,19843.7255563
1852,3504.3216078
1853,164738.0386189
1854,185256.1622012
1855,120590.7552512
1856,14196.551366200001
1857,243984.27349308
1900,221769.00128958
1901,11066.4938638
1902,134010.5217947
1903,150799.2819061
1904,75216.9135586
1905,244520.5456639
1906,101572.712853
1907,7810.8507543
1908,166255.5457129
1910,130662.7834471
1911,173065.7787892
1912,177878.7266168
1913,277814.6564171
1914,213204.501743
1915,206855.9568475
1916,325326.7167076
1917,324896.7554323
1918,388447.3301205
1919,359433.2257239
1922,27620.6960651
1923,17924.3791127
1924,16461.750487100002
1925,55154.1686846
1926,120465.331779
1927,117606.7635707
1928,14448.0896376
1929,93551.515034
1930,18449.7863548
1931,17545.85588
1932,5304.8497732000005
1933,17119.154509
1934,18221.7935333
1935,6484.1431252
1936,13528.7743159
1937,5071.3331309000005
1940,408623.6191702
1941,313484.3648837
1942,167045.00952710002
1943,380319.97148988
1944,50796.7207375
1945,519230.3084182
1946,281867.3080415
1947,538819.43768408
1948,463682.00196278
1949,315545.7897277
1950,395326.16096612
1951,574105.02416268
1952,492470.61293198
1953,518554.53456898
1954,396288.97497648
1955,580940.50578488
1956,490525.4342951
1957,540194.62374838
1958,440354.11111698
1959,300112.31100238
1960,575404.92590008
1961,450520.28152428
1962,583696.78992158
1963,586012.69518108
2000,1425.9722474999999
2001,4238.4266919
2002,1425.0547347
2003,1988.7222737999998
2004,3371.1195379
2007,51.87985583
2008,2494.48471156
2009,2494.48471156
2010,616.5950504
2011,89.71329405
2012,279.8578862
2013,191.1882052
2014,603.2131831
2015,1183.4401212
2018,420.1839448
2019,9381.628605200001
2020,2286.5273227
2021,2705.597373
2022,11382.075837800001
2023,9255.7899281
2025,11172.6595823
2026,7375.956133
2027,8119.8082954
2028,18021.24799596
2029,21301.87336096
2030,12937.3771501
2031,10391.7365298
2032,9702.6486148
2033,14668.2809003
2034,12237.0372243
2035,8704.9951169
2036,3197.0280716999996
2037,9502.6773646
2100,5702.0060813
2101,8848.2341548
2102,14994.9866497
2103,25123.143782
2104,10069.219015
2105,18152.7234071
2107,47391.72841650209
2108,908.3049551
2109,8112.010335
2110,8302.9768533
2113,23011.9594512
2114,17217.361606399998
2115,35266.50429930209
2116,17681.730542999998
2117,14694.3254107
2118,19316.271927499998
2119,17014.594730599998
2120,18777.54525610209
2123,2920.6982119
2124,1869.4103424999998
2125,1388.069051
2126,2343.9747595
2127,608.8624651
2128,8474.6465144
2129,4099.721087
2130,753.300053
2131,817.1870927
2132,341.95310059999997
2133,2493.6769918
2134,599.2848981
2135,10947.8384256
2136,8031.6341405
2137,2675.49325
2138,12764.001002699999
2139,13879.6218443
2140,14981.858810599999
2141,10425.7441545
2142,1677.5840181
2143,25017.61955700209
2144,30510.543355702088
2145,21548.4958093
2146,15684.53789800209
2147,8461.65151980209
2148,36980.90884670209
2149,10874.05549610209
2150,16842.85148880209
2151,28163.459938902088
2153,12528.3988316
2154,1949.4445210000001
2155,24168.549831
2156,5567.3553207
2157,11592.31352950209
2158,7952.8562784000005
2161,17553.5907104
2162,6395.328830500001
2163,12519.8860876
2164,9522.1546908
2165,10955.9695396
2166,10124.092509299999
2167,8798.7841182
2170,755.4959175
2171,2084.044774
2200,5040.2824473
2201,44495.26372010209
2202,18610.486247599998
2203,18650.0227732
2204,10677.236942200001
2205,12823.6906743
2206,3885.4537703
2207,1251.6908995
2208,26253.82353620209
2209,9371.0400354
2210,22360.57779260209
2211,11773.02506700209
2212,13544.18123480209
2213,16959.5044014
2214,18735.86973720209
2215,15475.10693130209
2216,9607.7403776
2217,2011.7645564
2218,27320.35587970209
2298,31368.65553416
2299,18323.10940583
2300,20007.0045052
2301,16619.34908357
2302,16770.36797341
2303,13334.407656970001
2304,13905.188485300001
2305,43415.43491245
2306,13051.0072951
2307,39794.33756912
2308,18046.44517134
2309,13945.46644993
2310,9201.7239419
2311,49895.98308683
2312,17250.71016524
2313,27205.69117703
2314,29634.996568540002
2315,21641.36091654
2316,12408.4079823
2318,7481.0385974
2319,6392.4680792
2320,689.8597453
2321,4713.45168617
2322,5855.0645583
2323,3404.3161301
2324,5409.14549707
2325,12635.06601347
2328,6063.45323
2329,5173.5063929
2330,10089.9548015
2331,14520.9488745
2334,11145.6113575
2335,3452.0228730999997
2336,3767.1817006700003
2337,7899.7820025
2338,6265.1807429
2339,6537.41660693
2340,27250.36957843
2341,14961.305117599999
2342,22344.648194315
2343,12411.870673
2346,13885.6112894
2347,17775.6566469
2348,13394.0789989
2349,4139.7488812
2350,14784.0367502
2351,7654.14164825
2352,4123.79172595
2353,12615.3259428
2356,22582.803194879998
2357,16213.5836487
2358,23431.70804318
2359,8852.6879863
2360,11801.09022405
2361,9911.86255625
2362,3371.19595875
2363,2216.0178191
2366,1115.6742234
2367,18519.346297
2368,16406.450578
2369,1244.7628238
2370,6324.00921775
2371,4208.6502449
2372,4378.4598095500005
2373,4914.3570796
2374,4175.57599805
2375,1759.9690044000001
2376,4510.58861745
2377,604.8943128000001
2380,22392.29967048
2381,20785.13108975
2382,9717.0596621
2383,17820.92806193
2384,10252.6664573
2385,6327.0735482
2386,4390.7856876000005
2387,3156.69835645
2390,16895.139408
2391,13581.542886
2392,11071.88794787
2393,14572.43763537
2394,17133.586054299998
2395,19540.90425077
2396,12160.45805707
2397,20905.06963397
2398,14482.52574067
2500,11074.0154256
2501,11118.9177236
2502,9532.205294899999
2503,16529.33825362
2504,18553.46716132
2505,13364.96287322
2506,15267.0374123
2507,13541.99608552
2508,14692.40328055
2509,16167.1415645
2510,9906.18363865
2511,50772.23191494
2512,9873.832063
2513,10561.35640626
2514,15752.585684
2515,24805.87732198
2516,9856.5276243
2517,14202.0246453
2518,10786.7611374
2519,4747.82218709
2520,16739.97396092
2521,3194.53372835
2522,8756.652604500001
2523,3312.76677952
2524,5384.4245108
2525,7148.181239099999
2526,11670.531661500001
2527,7305.4470941
2528,7699.6521879
2529,12855.1561912
2530,10881.01315906
2531,7358.54452612
2532,6763.212984719999
2533,23562.11612972
2534,13082.04693892
2535,22150.091139520002
2536,10482.32997372
2537,10541.38974522
2538,17717.06414622
2539,18074.59759662
2540,8536.50066522
2541,9243.7114324
2542,13932.53816089
2543,24823.39362971
2544,26906.37145872
2545,18377.95909639
2546,6579.01224599
2547,10741.59464119
2548,7992.01347989
2549,5753.49703939
2550,7974.56232402
2551,16938.84178562
2552,6406.87521697
2553,9801.79791547
2554,12149.29555172
2555,8822.4464771
2556,6895.3240591
2557,10319.98539041
2600,14192.989273500001
2601,14699.0338632
2602,15553.9167005
2603,16968.7752703
2604,28860.76230221
2605,33247.21537181
2606,32276.70534281
2607,15424.377656710001
2608,30223.917173910002
2609,8840.238113399999
2610,17268.4602258
2611,10002.348655599999
2612,23367.1669272
2613,20821.610349100003
2614,22715.506417700002
2615,2344.7554454
2616,6189.65682491
2617,1925.5052973
2620,7187.1150948
2621,16627.08663409
2622,14405.836206
2623,8345.2114571
2624,4634.5335612
2627,17324.868879
2628,14772.761804500002
2629,20334.4910939
2630,10046.0679422
2631,15889.754297610001
2632,955.0351500099999
2633,1479.23134551
2636,15999.22402039
2637,4858.567262
2638,11230.0737196
2639,8711.7409787
2640,5783.4597002
2641,4465.2044332
2642,2072.1624472
2643,1444.0378215
2646,4956.42493769
2647,8930.06388069
2648,10606.85800869
2649,17965.79052729
2652,32126.06566941
2653,29148.54351901
2654,15872.29919401
2655,4148.27220601
2656,6972.6067747100005
2657,6076.5165433
2658,2548.6185072
2659,1912.1279841
2660,3014.1024187000003
2699,64730.1262822
2700,29707.4864028
2701,22674.3257023
2702,425740.00019405
2703,8388.55354707
2704,25825.07763699
2705,29013.2657513
2706,5434.367243
2707,21956.94508663
2708,1204.82916449
2709,3819.1996722000004
2710,3940.2162617
2711,12224.3872926
2712,17029.8809344
2713,12380.487786900001
2716,6936.6581714
2717,4989.0788548
2718,20193.957963329998
2719,13285.998840299999
2720,15504.891948600001
2721,11026.394809
2722,18800.202928
2723,36084.58362511
2724,23823.4658043
2725,32112.01442961
2728,7561.39261817
2729,18597.0727608
2730,8524.5688942
2731,9251.2660414
2732,14081.61715717
2733,4618.5540159
2736,39128.52721974
2737,22221.072067600002
2738,22449.219244
2739,16946.8109006
2740,22907.432280200002
2741,16569.1813296
2744,30327.48201001
2745,28609.149139009998
2746,18652.12234131
2747,4914.75913471
2748,17602.8574611
2749,9643.172421500001
2750,4851.0313009
2753,2629.7879747
2754,2629.7879747
2755,14582.7571
2756,8441.9192358
2757,7664.8786418
2758,4709.1140746
2761,25112.1547457
2762,12458.5480702
2763,15043.3986397
2764,37830.3444551
2765,15844.888577599999
2766,25930.045468930002
2767,14512.2063762
2768,26571.21084493
2769,20872.4142082
2772,2786.5389518
2773,4427.4121333
2774,9713.3339973
2775,3789.7385893
2776,5537.8813638
2800,685.1777841
2801,3754.3216768
2802,845.7192238
2803,3775.415868
2804,3247.0449062000002
2805,3350.0900477000005
2806,408.4159593
2807,3470.2605057
2808,2990.6467523
2811,1076.13982
2812,513.1202152
2813,146.6724568
2816,295.3432846
2817,505.3065468
2818,1243.8161463000001
2819,2614.3182523
2822,99.58904151
2823,5771.5199606999995
2824,4042.7800072
2825,161.8581972
2826,2040.9354566
2827,4673.1157439
2828,4042.7800072
2829,163.4075777
2830,1571.9479751
2831,1757.19269
2834,2007.9687349
2835,954.4347025
2836,1503.698731
2837,701.0400935
2838,7651.983833799999
2839,9165.2089536
2840,12206.3768648
2841,15592.4217582
2844,24.70804902
2845,76.38164877
2848,9500.2345007
2849,12022.3206711
2850,4473.1200487
2851,20301.0074134
2852,19392.472076899998
2853,6507.5959305
2854,27295.9890342
2855,4755.1441322
2856,3194.1801100000002
2857,23563.3732527
2895,1836.177456
2896,4131.99434061
2897,4157.942156409999
2898,4518.48336421
2899,13775.4244934
2900,23505.467801
2901,13613.986511
2902,26269.3222665
2903,14765.540224
2904,27389.77070221
2905,18325.6495823
2906,7752.5940015
2907,4095.4727592
2908,4583.33584111
2909,3760.21851841
2910,3433.59254731
2913,273.3156578
2914,8619.4140709
2915,8500.2639534
2916,14896.967852900001
2917,8977.3447063
2918,9251.5296448
2919,23763.8483908
2920,5053.521066400001
2921,1108.8474941
2922,4061.1814036
2923,98.01286134
2924,349.9696678
2927,22369.452917
2928,27090.7962445
2929,2075.1454249
2930,1555.598832
2931,364.3909718
2932,13689.3155061
2934,15501.9262941
2935,19418.415181
2936,37418.7448566
2937,32089.9074787
2938,11559.7698533
2939,11344.7269882
2940,585.5067825
2943,11313.9134424
2944,9977.0484871
2945,2983.3131507
2946,5316.4438061
2947,6878.3415939999995
2948,8895.467359
2949,16142.787271000001
3000,812.1140136
3001,693.2713632
3002,197.3527728
3003,140.1087771
3004,78.21740112
3005,391.0864109
3006,232.3273929
3007,641.7225147
3008,226.9551137
3009,1181.443741
3010,172.3741644
3011,470.904942
3012,142.7458282
3013,2703.074812
3014,70.4392519
3015,552.9651472
3016,1373.481363
3017,136.8845557
3018,212.0823414
3019,153.5873238
3022,536.8016961
3023,901.9288435
3024,126.701625
3025,107.872614
3100,711.7761057
3101,8460.5485427
3102,7851.3275345
3103,4960.2122115
3104,300.5395005
3105,4415.832974999999
3106,172.9949132
3108,1060.8278383
3109,1942.3635378899999
3111,3951.9431612999997
3112,3951.9431612999997
3113,1964.962278
3114,8878.350245
3115,7443.5224699
3116,7062.8252457
3117,8336.4206091
3120,7709.128742
3121,460.6352422
3122,7353.95953336
3123,2137.1332111
3124,2300.3299161600003
3125,2740.1554845600003
3126,1867.3068660400002
3127,842.5475388
3128,635.10474418
3129,842.5475388
3130,693.74778114
3131,404.8854343
3200,10935.17598226
3201,1602.4422419
3202,9582.01207216
3203,1073.7282881
3204,1372.92353336
3205,166.6333437
3206,1223.34816817
3207,218.09424287000002
3208,159.4864612
3209,2454.1784298999996
3210,17539.4548339
3211,4362.48954866
3212,9862.0537183
3213,5033.03791866
3214,10768.62589896
3215,19314.03388232
3216,8882.96005467
3217,3145.6921853999997
3218,3655.73112967
3219,9407.122990099999
3220,18806.26688033
3221,16104.9878178
3222,13339.6120986
3224,399.6604593
3225,1284.5702746
3226,208.8008821
3227,2971.3635345999996
3228,3432.3291877999995
3229,751.0532274
3230,1014.2073631000001
3231,632.5009821
3232,376.8059847
3238,70.4329662
3239,5689.942754104
3240,90.230443229
3241,129.543647699
3242,104.928025609
3243,42.58298746
3244,10563.2424641
3245,98.61201898
3246,10563.2424641
3247,14888.392612399999
3248,7387.8457716
3249,6827.8445069
3250,1125.229955
3251,9440.133922
3252,7502.5458889
3253,871.3268991
3269,6946.897764
3270,262.3551522
3271,10647.06255077
3272,2935.97434787
3273,450.40450369999996
3274,1235.320501
3277,480.8345824
3278,800.6954365
3279,11306.558441264
3280,1046.8442876
3281,2245.0644091
3282,2245.0644091
3283,8803.141146400001
3284,156.1104119
3287,151.3164925
3288,2659.2756156
3289,11528.3565262
3290,9148.0372762
3291,2518.6460205
3292,2203.2371462
3293,5221.453828
3294,6657.1496643
3295,2758.0471116
3298,409.08017199999995
3299,8578.92372477
3300,212.3415914
3301,858.5066239
3302,3887.6302806999997
3303,8209.83295597
3304,1109.9111404
3305,74.51162139
3306,1597.99958857
3307,114.0837497
3400,8992.74680202
3401,3168.3311661
3402,5353.46372642
3403,4213.50723672
3404,11779.82286464
3405,3325.0349711199997
3408,163.7784277
3409,5633.4544357
3410,5392.3036534
3411,5797.03890012
3412,1186.8669502
3413,2578.8446028
3416,22107.825308855
3417,10947.933533555
3418,14993.365174655
3419,6113.3685967
3420,38639.667748025
3421,2424.9611978000003
3422,11046.004239855
3423,3244.909564
3424,5361.639670585
3425,4246.9143812
3426,1897.6099104
3429,7539.805678
3430,5968.246318
3431,3494.0732880200003
3432,767.7806054
3433,2905.23674002
3434,21189.687479505
3437,1976.75891818
3438,10329.5507013
3439,6534.28356298
3440,8290.41808938
3441,9987.1074587
3442,28150.702669055
3443,18983.079049655
3444,2193.3580033999997
3447,2728.92812492
3448,1503.9973035
3449,1095.4919026
3450,4137.96361372
3453,8677.5265667
3454,20624.420775255
3455,7498.5473379
3456,37160.479233165
3457,12880.110100484999
3458,7413.4273827
3459,12089.811186785
3460,7677.7339377
3463,6564.6743797
3464,11820.5034982
3465,6496.8582099000005
3466,6426.1651587
3467,2988.16937588
3468,6817.50187998
3471,15562.5057041
3472,4452.5420602
3473,6450.40623622
3474,3493.93203112
3477,1581.625937
3478,1581.625937
3479,421.4942784
3480,524.2473334
3481,245.5219664
3482,240.0901285
3483,193.1358235
3484,308.2558102
3485,306.9736872
3487,14670.3222658107
3488,7171.4011572
3489,10670.787997700001
3490,5272.5802147
3491,10273.642288
3492,13013.8969258
3493,6910.9667786
3494,13728.6561959
3497,3443.6029251
3498,1876.20774288
3499,6637.02194192
3500,3774.5147949
3503,15277.8924831107
3504,10885.92874
3505,12266.0810053107
3594,311.10846752
3595,1117.18329084
3596,1016.11599514
3597,545.38952244
3598,1.166338235
3599,123.5261437
3600,2376.26005962
3601,4539.26468162
3602,20067.122953185
3603,2439.4118056
3604,3369.7403338
3607,311.10846752
3608,68.64136854
3609,0.684183466
3610,24.17143609
3611,413.1182654
3612,133.598429382
3613,203.63726669
3614,447.06571339999994
3615,53.68082924
3616,95.50599074
3617,251.1117535
3618,47.37788929
3619,203.63726669
3620,320.6742795
3621,306.20241450000003
3622,91.70668448
3623,47.37788929
3624,306.20241450000003
3625,294.0784524
3626,149.49971309
3627,786.390284
3628,91.70668448
3629,93.4741627
3630,660.7175
3631,278.31116959999997
3632,278.31116959999997
3633,427.44601190000003
3634,723.18973117
3635,2.844175664
3636,133.598429382
3650,91.65816952
3651,39.55597764
3652,149.49971309
3653,98.50081601
3654,129.6023407
3655,274.45015429
3656,149.237787
3657,91.65816952
3658,215.32272379
3659,25.5642034
3660,148.23674259
3661,162.1580465
3662,161.92772374999998
3663,230.18554104
3664,183.96549899000001
3665,119.76673946
3666,215.32272379
3667,41.838780760000006
3668,22.53373674
3669,17.32221778
3670,45.76148806
3671,41.838780760000006
3672,26.4531156
3673,101.43683
3674,46.28225033
3675,62.71611452
3676,89.3885757
3677,68.33889166
3678,249.61533907
3679,1052.52588026
3680,797.02014361
3681,142.3217357
3682,286.2316358
3683,24.65784997
3684,1299.99979979
3685,2276.8964041
3686,158.6451977
3687,46.90122704
3688,199.0197091
3689,1181.41736055
3690,118.62874565000001
3691,1300.72763823
3692,1125.81875713
3693,4657.55719813
3694,4191.84296123
3708,895.1029336
3709,1697.3305556
3710,3419.6227728
3711,5408.9806904
3712,831.33247344
3713,3427.3817125
3714,5329.1927863
3715,4625.1302035
3716,2075.0208923
3717,2403.234606
3718,3516.2503098
3723,1927.5837417
3724,724.7812719
3725,2527.4240354999997
3726,1543.9206638
3727,2270.3688767
3728,2390.8236349
3729,1706.7831654
3730,359.9014487
3731,1702.33326814
3732,2286.931993119
3800,12115.32743791
3801,10046.463717794999
3802,4450.66112471
3803,3178.05933936
3804,1362.4752685
3805,2189.31842026
3808,374.5982649
3809,5634.0293919
3810,4924.8656732
3811,16383.806925955
3812,6039.6455427850005
3813,25523.710782255
3814,14923.968857085
3815,12381.820974285
3816,4534.1644502
3817,597.3709042
3818,7305.6637182
3819,1215.7687053
3822,1383.1066626000002
3823,1076.062825
3824,1874.507619
3825,1269.1974921
3826,460.2755322
3827,1828.342124
3828,1269.1974921
3829,127.0325366
3831,24096.815214924998
3832,25195.280663325
3833,995.229659055
3834,11679.3391536
3835,17363.955530955
3836,21184.141158785
3837,30888.133285025
3838,26421.603002335
3839,28623.948858435
3840,9251.145186455
3841,31625.321489935
3842,24190.272096685
3843,42697.353214414
3844,21278.181120995
3845,26239.868305535
3846,20964.764092794998
3847,23175.794877465
3848,44131.918046414
3849,1681.7593226000001
3850,28308.821238285
3851,20234.064789185
3852,10634.2865011
3853,5529.51851491
3854,2700.9635831
3855,7856.2137637
3856,10633.79517601
3857,3821.8404467
3858,3741.1863369
3859,3407.282757819
3860,3776.705312
3861,1587.370738979
3862,1351.88989346
3863,1563.154129129
3864,2030.0617516
3865,256.10979082899996
3866,30920.274395935
3867,28247.463917435
3868,23895.590273335
3869,23103.888545365
3870,20255.623909365
3875,1377.133928789
3900,14347.05916673
3901,2496.6586288999997
3902,17962.69701512
3903,26506.88471364
3905,6119.790175855
3906,19262.578254263
3907,1496.36247411
3908,2235.5364207000002
3909,6305.855881195001
3910,3600.8736234949997
3911,1370.30622488
3912,3930.82130038
3913,16493.051467775
3914,3290.906057795
3915,4856.5973838
3916,6067.872882695
3917,5584.3897908399995
3918,921.90714064
3919,2209.10459578
3920,1039.62184065
3921,1697.78220138
3922,1789.1179782
3923,1765.10423748
3924,4212.20115298
3925,965.2729942
3926,2054.4017834
3927,7822.21559341
3928,3018.1746025
3929,1915.201042
3930,3412.9354899
3931,17.36583452
3933,2680.76036031
3934,2687.572617235
3935,2824.685809035
3936,21.52170919
3937,3426.711333435
3938,544.99500613
3939,3310.21387116
3940,3474.9486047650003
3941,1544.381770855
3942,75.04056826
3943,627.594078878
3944,1732.465581665
3945,264.23984543
3946,1761.01899732
3947,26.84183641
3948,5814.013618643
3949,3561.360037878
3950,85.54903892
3951,215.47956446
3952,1550.7372235399998
3953,1105.86765776
3954,124.74794957
3955,451.59387543
3956,1363.05209798
3957,595.91766692
3958,1005.92892818
3959,651.69277005
3960,1264.69842198
3961,24.3808327
3962,387.44160038
3963,276.89553567
3964,337.26902763
3965,213.0340305
3966,18.19375828
3967,18.80270185
3968,1140.168873
3969,54.91626947
3970,307.5075947
3971,57.01548444
3972,1805.2592905400002
3973,2092.300958443
3974,401.83859082
4000,5799.95401526
4001,1976.46188766
4002,4419.74322096
4003,1648.4878087
4004,5301.59885156
4005,5888.094780859999
4008,1289.5581348
4009,4018.7303593999995
4010,4018.7303593999995
4011,6450.49332
4012,6623.1475855
4015,1432.9631104599998
4016,1788.7954651599998
4017,1879.709683
4018,2798.30896546
4019,3857.0200094
4020,7326.1395578
4021,3524.9282928000002
4024,908.0563168
4025,35.75906871
4026,1042.0599926
4027,494.70988900000003
4028,2016.7316692
4029,1715.9323683
4032,6263.2314035
4033,1998.2119323000002
4034,5835.5217971
4035,6821.3271382
4036,5648.5495334
4037,18083.2093983
4038,6596.9160407
4039,11227.7509623
4040,10303.3421441
4043,7117.3530754
4044,12651.72627469
4045,8615.141328
4046,1526.632085
4047,1.39421e-06
4048,1497.6446437999998
4049,5306.5552205
4050,3472.5662386000004
4051,8597.3035681
4052,10661.0802297
4053,3387.8723427
4054,3912.3889553999998
4055,353.2335362
4056,6916.7493773
4057,1149.36505785
4058,387.62863534999997
4059,1649.3244178
4060,7313.0569494
4100,5783.0748606
4101,9900.6343612
4102,21859.64033
4103,15557.941754399999
4104,16183.989184099999
4105,79133.72792727
4106,19573.1217966
4107,85080.97673537
4108,18123.15246749
4109,23743.0659369
4110,16826.681902
4111,49333.38868659
4112,41608.11834389
4113,1346.5647145
4114,2029.6522314000001
4115,13085.873528299999
4116,6554.0685115
4117,6464.0697082
4118,11682.9221278
4119,11541.98643937
4120,17877.405905670003
4121,5882.40958598
4122,14652.94840727
4123,11760.59313017
4124,7600.71236277
4125,13022.29969949
4126,5520.72061759
4127,7614.888628170001
4128,9290.262378
4129,12271.61756739
4132,890.6280534
4133,1562.5701283
4134,5792.871525
4135,545.0471715
4136,5800.275733699999
4137,1950.3878617
4138,1017.2878109000001
4140,1148.5653598000001
4141,1828.0786921
4142,2336.6820113
4143,14335.7455534
4144,4702.0123183999995
4145,21964.4251314
4146,12095.773641200001
4147,10568.341553
4148,28615.0930678
4149,14352.8168759
4150,29053.2159307
4151,22645.8284192
4154,17125.6664626
4155,25539.4379602
4156,3140.6219290999998
4157,12725.4970104
4158,16186.3788309
4159,2719.0611962000003
4160,1261.2957875
4161,11307.3420045
4162,5991.5448708
4163,1780.394053
4200,330.704294
4201,93.72798057
4205,410.2356743
4206,362.5689864
4207,431.0355305
4208,357.9583391
4209,592.5194656
4210,371.7434841
4211,529.9653426
4212,533.2929668
4213,389.7558753
4214,345.4545895
4300,529.7817217
4301,297.0253067
4302,1076.121259
4303,214.7084827
4304,730.0720075
4305,445.55026
4306,381.4356276
4307,437.9096486
4308,835.8867427
4309,712.6451055
4310,3122.373291527
4311,2617.430893
4312,2552.866283077
4315,136.9400243
4316,604.5212414
4317,1231.822668
4400,513.9643302
4401,321.7207296
4402,189.4707995
4403,271.4210204
4404,551.870023
4405,657.670593
4406,2966.991974
4407,717.25656131
4408,135.84663505
4423,31.100348067
4424,122.40859307
4425,35.096802870000005
4426,536.764476257
4427,169.2361903
4428,14.62905441
4429,429.06563978
4430,164.36965422999998
4431,164.36965422999998
4432,2333.6609243
4433,5146.390833378
4434,217.98703954
4435,5468.06861
4436,5608.856433145
4437,5859.6182134
4438,9770.375666475
4439,1388.0489072
4440,4398.628973855
4441,6494.641401355
4442,3835.3324586950002
4443,217.98703954
4444,29441.733296943
4445,21153.77452871
4446,36473.144291365
4447,27789.545668695
4448,46756.038331355
4449,1078.7415147
4499,46914.095126672
4500,14185.6148997
4501,3232.23362019
4502,11644.99867659
4503,4295.8318149
4504,11850.4669233
4505,21757.494171457
4506,3380.854751
4507,10661.1223001
4508,4666.0012879999995
4509,11274.4473918
4511,22760.313303667
4512,10702.7536138
4513,25892.663980729998
4514,56990.196550152
4515,54665.912182045
4516,39225.024297505
4517,41646.515631254995
4518,12234.4941699
4519,13038.7359828
4520,17230.685149999998
4521,26324.55256562
4522,9795.8042094
4523,7138.6205795999995
4524,1410.3430639
4525,7624.411464899999
4526,27228.245084527
4527,25865.234484607
4528,1553.0883999
4529,1988.7249124
4530,31328.795653049998
4531,11714.363236297
4532,44420.512303095
4533,51025.221782472
4534,20771.7438074
4535,41829.466321194996
4536,29726.974459517
4537,12498.288369897
4538,12303.956660567
4539,12623.65105489
4540,9063.886769660001
4541,5419.33563329
4542,8735.79754499
4543,61450.955539621995
4544,27078.796978927
4545,3405.052052157
4546,4188.804856757
4547,5178.969849757
4548,9782.834022257
4549,9981.316184657
4550,15078.507540357
4551,17443.756816747
4552,7612.857912307
4553,16672.708324257
4554,23222.76520297
4555,17327.191694047
4556,229.1194752
4557,783.484755
4558,1380.4455018
4559,47350.430809443
4560,30549.539463385
4561,7042.4637719
4562,2567.1667357
4563,3482.226966855
4564,13471.265903464999
4565,16072.769492475
4566,2754.6487939999997
4567,8626.483574815
4568,1738.544682295
4569,10792.035642499999
4570,13067.95588641
4571,46219.118064664995
4572,1075.90802461
4573,33248.818535747
4574,36542.601344437
4575,27890.061769957
4576,3300.5372972
4577,3496.0328747
4578,3708.633247057
4579,3726.2697211
4580,1826.839063405
4581,37948.127956045
4582,18139.249771857
4583,9496.22869565
4584,16993.141810757
4585,10855.02060763
4600,11.63821448
4601,293.3818963
4602,231.4195812
4603,892.3219554
4606,314.5178728
4607,198.0911762
4608,354.2763929
4609,260.3596759
4610,1264.19146
4611,1180.0555226
4612,1272.4149071099998
4613,754.18639191
4616,5.606710298
4618,4.9458e-06
4621,923.3092552
4622,291.8416549
4623,1252.273312
4624,3392.7574143
4625,3392.7574143
4626,1659.861186
4629,667.5422803
4630,65.899089
4631,881.374891
4632,84.96634495
4633,131.5955861
4636,966.3307035
4637,462.0046401
4638,206.0310202
4639,323.8111409
4640,718.4808442
4641,547.8509405
4642,410.6060853
4643,328.7913734
4644,1196.130978
4645,420.652948
4648,347.3179802
4649,476.1214717
4650,463.7043798
4700,418.8127161
4701,435.3980203
4702,1985.250966
4703,2882.7200552
4704,2721.385487
4705,2882.7200552
4706,1078.376537
4709,3160.578228
4710,6399.3832548
4711,3238.8050268
4712,2053.4120268
4713,308.2700907
4714,1112.176867
4715,1112.176867
4716,170.9595261
4719,436.9673266
4720,356.9263838
4721,258.5295085
4722,373.5704097
4723,929.8605398
4900,7998.07206649
4901,1002.9691412899999
4902,927.01237119
4903,9624.40280491
4904,2744.78839811
4905,1244.2457299
4906,5369.452633020001
4907,120.9623172
4909,685.906462
4910,580.8852809
4911,672.6997093
4912,161.3291091
4913,205.2920364
4914,444.1672124
4915,453.74495809999996
4916,743.919635
4917,546.1850247
4918,1130.3455531
4919,10.9385376
4920,108.3957954
4922,490.0422929
4923,3752.3042997
4924,13870.457217
4925,1605.5168982
4926,1878.9189529999999
4927,1055.6325225
4930,154.525064
4931,1248.2415795
4932,1884.5271665
4933,1838.1353632999999
4934,1238.5282056
4935,1970.9674898
4936,1735.2956444
4937,676.597302
4940,6555.752934
4941,3256.2456475
4942,5581.8128967
4943,5610.1399301
4944,1632.3874771
4945,4888.6331246
4948,2680.4896557
4949,21103.42766432
4950,2256.25175712
4951,25849.43847692
4952,9298.4281825
4953,2937.2226251
4954,17524.3669545
4955,9078.130983
4956,3572.1846407
4957,1895.5530946999997
4958,521.5840376
4959,18590.483085
4960,616.4204297
4961,616.4204297
4962,78.12073154
4963,21.71488071
4964,448.0002057
4965,66.91343721
4966,337.5727127
4967,94.47762289
4968,58.20055708
4969,334.6375075
4970,127.7167192
4971,79.22175486
4972,388.4545906
4973,45.82700328
4974,5988.515109
4975,5988.515109
4976,8362.014847800001
4977,21953.8949905
4978,12950.8612389
4979,22263.0339513
4980,1379.919559
4981,21808.3210833
4982,22961.882806
4983,194.1680178
4985,694.8275748
4986,406.6317403
4987,22782.1088851
4988,23260.7207038
5000,1007.5147514
5001,771.7276891
5002,6380.761675
5005,2330.7343703
5006,469.2362122
5007,6841.0291402
5008,1861.4981581
5009,445.66613110000003
5010,2187.4521013
5011,6678.7642553
5012,4675.4146126
5013,3925.0945659999998
5014,5405.282223
5015,2025.1074057
5016,3126.484372
5017,3220.5478227
5018,12132.2520303
5019,3748.2695608
5020,670.1425745
5021,2939.5414974
5022,1864.1452179
5023,3443.2597812
5024,941.9108376
5025,2575.4011637
