num_opportunities,EMP_2016,,
1,1125266.949278282,1108980.444872382,16286.50441
2,1198396.755609242,1185730.010757112,12666.74485
3,1343451.129396602,1338120.252436902,5330.87696
4,1449116.6635729112,1442749.155054311,6367.508519
5,1440606.258774724,1434238.7502561242,6367.508519
6,1159596.379464242,1145536.797664512,14059.5818
7,1228496.441329562,1223810.103000062,4686.33833
8,1210943.103607764,1203997.1169408641,6945.986667
9,1106406.361360282,1093800.809715282,12605.55165
10,1186274.442488664,1180384.7979676642,5889.644521
11,1113810.057314332,1101875.229821732,11934.82749
12,1155493.404211732,1143588.881946932,11904.52226
13,1265320.792145214,1261567.082204414,3753.709941
14,1289151.980342424,1286408.675364824,2743.304978
15,1194532.008650264,1188332.4903218641,6199.518328
16,1303312.348198614,1301063.838763914,2248.509435
17,1215208.805983864,1209010.884871464,6197.921112
18,1266589.999391882,1260158.551372082,6431.44802
19,1269579.809984382,1262212.379243882,7367.43074
20,1316822.216126684,1312504.7905628842,4317.425564
21,1353860.7001744541,1349344.865008254,4515.835166
22,1410813.684997694,1408027.163612324,2786.521385
23,1389662.352412174,1388877.7643930041,784.5880192
24,1324118.5293071142,1321375.2243295142,2743.304978
25,1441106.6826113341,1437731.6419346342,3375.040677
26,1517896.928428481,1516676.8660574812,1220.062371
27,1448023.631963294,1442677.090096924,5346.541866
28,1462584.829224284,1458174.2700786141,4410.559146
29,1502170.975558351,1499384.4541729812,2786.521385
30,1465354.2782321011,1462236.3276310312,3117.950601
31,1450228.4767309611,1447822.2215528912,2406.255178
32,1480809.251952111,1479084.076671441,1725.175281
33,1435087.753261911,1433867.690890911,1220.062371
34,1433028.908648661,1431808.8462776612,1220.062371
35,1271105.496448764,1266172.2824346642,4933.214014
36,1490664.0364999862,1486941.532393916,3722.504106
37,1536858.821371366,1532663.213223196,4195.608148
38,1551560.6985802362,1547934.381031166,3626.317549
39,1547548.051430206,1544851.9767066361,2696.074724
40,1556079.2726886861,1553255.768597016,2823.504092
41,1514342.493282261,1511518.989190591,2823.504092
42,1499816.8997642612,1496993.3956725912,2823.504092
43,1489456.772724671,1488139.618303901,1317.154421
44,1483642.8204703662,1480882.887882366,2759.932588
45,1464291.302866171,1461326.281001871,2965.021864
46,1576556.784421696,1573081.872783326,3474.911638
47,1582378.712182606,1580216.5212825362,2162.1909
48,1588414.6580982162,1585144.8357361462,3269.822362
49,1531844.075614026,1528574.253251956,3269.822362
50,1538723.369934736,1535564.141444036,3159.228491
51,1534030.571362636,1530871.342871936,3159.228491
52,1537086.809674256,1534132.670459856,2954.139214
53,1448532.1261928212,1442164.617674221,6367.508519
54,1556691.869396806,1552129.569127036,4562.30027
55,1573589.573141406,1570319.750779336,3269.822362
56,1577522.3638241861,1573820.3027071161,3702.061117
57,1586545.634021226,1583688.6093834562,2857.024638
58,1579205.578208466,1577985.515837466,1220.062371
59,1547580.282310906,1546166.013313506,1414.268997
60,1466666.006087009,1464509.960995309,2156.045092
61,1544544.2843037262,1540204.234323526,4340.04998
62,1524575.6084936662,1522975.595463236,1600.01303
63,1497974.537980786,1496342.809749586,1631.728231
64,1102708.322451682,1089578.282448252,13130.04
65,1377010.848788442,1370467.070123042,6543.778665
66,1417609.5505818941,1411242.0420632942,6367.508519
67,1483672.644922181,1479950.1408161111,3722.504106
68,1523412.701259776,1519597.3593189062,3815.341941
69,1547172.1907187111,1543902.3683566411,3269.822362
70,1500130.018116486,1496671.1713626161,3458.846754
71,1561303.971323146,1558241.857409076,3062.113914
72,1517432.790503731,1516115.636082961,1317.154421
73,1549217.783914146,1546252.7620498461,2965.021864
74,1539279.052748606,1537864.783751206,1414.268997
75,1524293.230282136,1523134.606093036,1158.624189
76,1533180.793994436,1527045.251252036,6135.542742
77,1515518.5514732562,1510653.808875056,4864.742598
78,1455964.090896872,1451712.065143172,4252.025754
79,1410249.172924242,1403881.664405642,6367.508519
80,1426111.353715692,1422388.849609622,3722.504106
81,1465454.201092589,1461141.237382519,4312.96371
82,1524459.336070751,1520757.274953681,3702.061117
83,1498899.2393135212,1496238.0813121512,2661.158001
84,1527125.810823061,1525700.659175761,1425.151647
85,1506108.940486121,1504888.878115121,1220.062371
86,1482496.393726966,1481337.769537866,1158.624189
87,1494505.586012766,1487923.724999966,6581.861013
88,1412385.803239432,1408889.775799832,3496.02744
89,1371926.1244971121,1365564.464151412,6361.660346
90,1368932.230335102,1363449.846115032,5482.38422
91,1347252.4850291421,1340890.824683442,6361.660346
92,1458152.445327152,1455990.254427082,2162.1909
93,1504778.806378574,1503364.537381174,1414.268997
94,1512524.8694021741,1511110.600404774,1414.268997
95,1539492.380271771,1534845.0969073712,4647.283364
96,1494061.6789485312,1492647.409951131,1414.268997
97,1479599.930330191,1478635.5127674912,964.4175627
98,1484578.6822143912,1483938.1573175911,640.5248968
99,1371837.1189235041,1368872.097059204,2965.021864
100,1330981.577202884,1327711.754840814,3269.822362
101,1433116.662860942,1429414.601743872,3702.061117
102,1466594.624838134,1465180.3558407342,1414.268997
103,1552772.373061431,1551140.644830231,1631.728231
104,1568821.208999661,1567406.9400022612,1414.268997
105,1546611.3978521312,1543262.551206331,3348.846646
106,1493283.234749901,1490380.706374501,2902.528375
107,1453589.724716241,1450881.4029672411,2708.321749
108,1287401.791470482,1282565.493606382,4836.297864
109,1394126.243128472,1392809.088707702,1317.154421
110,1464189.290639264,1462775.0216418642,1414.268997
111,1530784.266067031,1525919.523468831,4864.742598
112,1549695.616453631,1545521.437131331,4174.179322
113,1486902.056423234,1485487.787425834,1414.268997
114,1463615.722498564,1462201.453501164,1414.268997
115,1441433.2529504441,1440792.728053644,640.5248968
116,1461532.618412991,1458824.2966639912,2708.321749
117,1350375.722801302,1348966.636038502,1409.086763
118,1420322.862459112,1418885.340854312,1437.521605
119,1416290.559443874,1415543.6011149741,746.9583289
120,1402514.8372663942,1401550.419703694,964.4175627
121,1453305.351079111,1453305.351079111,0
122,1434602.753512514,1433666.7707918142,935.9827207
123,1404271.209878144,1401602.237244944,2668.972633
124,1359656.785634824,1357341.9951270241,2314.790508
125,1333686.190528132,1330700.447816362,2985.742712
126,1338730.6899531821,1337794.707232482,935.9827207
127,1384124.692343932,1382197.506288832,1927.186055
128,1396717.841394822,1395497.779023822,1220.062371
129,1432319.9093830842,1431572.951054184,746.9583289
130,1406575.243888322,1405355.181517322,1220.062371
131,1406044.0266272142,1404334.299805914,1709.726821
132,1409689.591745554,1408307.2907544542,1382.300991
133,1430102.283456732,1428882.221085732,1220.062371
134,1475682.113714369,1473526.068622669,2156.045092
135,1407594.102895532,1405438.057803832,2156.045092
136,1286328.438060212,1283131.894588312,3196.543472
137,1410203.540677102,1408047.495585402,2156.045092
138,1448889.523816612,1448443.205546212,446.3182704
139,1439253.350561982,1437570.409512382,1682.94105
140,1425434.815181602,1424025.728418802,1409.086763
141,1388631.8253809721,1387222.738618172,1409.086763
142,1432534.352787152,1430851.411737552,1682.94105
143,1469156.545322369,1468220.562601669,935.9827207
144,1394674.299437512,1392451.645074712,2222.654363
145,1468767.032362069,1467384.731370969,1382.300991
146,1577840.3011502712,1577093.342821371,746.9583289
147,806911.036,806911.036,0
148,860408.3012,849241.5956,11166.70561
149,1401968.454900864,1395918.592975564,6049.861925
150,1353406.920855662,1347346.858279962,6060.062576
151,1315624.217663012,1310167.102778612,5457.114884
152,1231775.701230092,1223479.8527443921,8295.848486
153,1333022.013251762,1326065.411192562,6956.602059
154,1482013.771281102,1477875.396060202,4138.375221
155,1399920.9895917021,1393902.089847402,6018.899744
156,1306865.497902312,1300872.155248912,5993.342653
157,1237886.876756072,1233155.705882072,4731.170874
158,1194552.289681602,1189853.921986702,4698.367695
159,1242808.547398412,1240501.066926912,2307.480471
160,1346214.532735672,1343040.447192802,3174.085543
161,1566878.449227926,1563719.220737226,3159.228491
162,1515682.2734911211,1514462.2111201212,1220.062371
163,970940.047,957101.3739,13838.6731
164,1069728.032598252,1054022.722280502,15705.31032
165,1192237.127200362,1184271.480196992,7965.647003
166,1085309.777100572,1073711.844328302,11597.93277
167,1025363.269394042,1011322.594024522,14040.67537
168,1322125.652584582,1321189.669863882,935.9827207
169,1246365.731937002,1243095.909574932,3269.822362
170,1259981.002149812,1253168.945855242,6812.056295
171,1313560.829628882,1307230.715138612,6330.11449
172,1227829.336212552,1218190.400923782,9638.935289
173,1128358.413370402,1112193.093789532,16165.31958
174,1523234.662477886,1521820.393480486,1414.268997
175,1233399.863660652,1231243.818568952,2156.045092
176,1358442.803796892,1356286.758705192,2156.045092
177,1358146.1655881242,1356463.2245385242,1682.94105
178,1293699.304164512,1291338.169796512,2361.134368
179,1257753.439195012,1253545.373031142,4208.066164
180,1165928.950228162,1157088.115453192,8840.834775
181,1343206.370638624,1340891.5801308241,2314.790508
182,1255680.828270302,1251842.317174202,3838.511096
183,1219859.043678362,1217497.909310362,2361.134368
184,1261198.059876002,1257149.394987002,4048.664889
185,1228422.335738982,1227276.199225382,1146.136514
186,1251079.850169842,1237805.893500542,13273.95667
187,1429559.404628602,1425084.764386402,4474.640242
188,1345936.381746132,1344012.497746432,1923.884
189,1345384.563268772,1342688.804863872,2695.758405
190,1287975.667469702,1285915.251727002,2060.415743
191,1260918.225137902,1258693.701079702,2224.524058
192,1432755.509992732,1429759.1115293321,2996.398463
193,1338080.030235472,1335857.375872672,2222.654363
194,1512207.567738781,1511271.5850180811,935.9827207
195,1430777.046597432,1428525.736767532,2251.30983
196,1266222.638433302,1265290.148916602,932.4895167
197,1529489.392486481,1529489.392486481,0
198,1423336.825012312,1422400.842291612,935.9827207
199,1262239.218815512,1259111.142069112,3128.076746
200,1417360.268113322,1415433.082058222,1927.186055
201,1383535.560317762,1382153.259326662,1382.300991
202,1265429.645187082,1263096.258656582,2333.38653
205,1336419.773968342,1333460.080352772,2959.693616
206,1282160.089929312,1280072.739868512,2087.350061
207,1266459.094552802,1261879.845978502,4579.248574
208,1475793.798753569,1474526.386817169,1267.411936
209,1335220.900163292,1331963.480658592,3257.419505
210,1479156.586379182,1474527.676838312,4628.909541
211,1470204.119287282,1468726.553557982,1477.565729
212,1366572.607104022,1362611.676727222,3960.930377
213,1284341.186812502,1282454.1185524021,1887.06826
214,1176360.519422742,1172496.458271042,3864.061152
215,1573797.113995882,1571641.068904182,2156.045092
216,1353977.324420472,1347786.710272772,6190.614148
217,1430176.296595442,1427480.538190542,2695.758405
218,1349628.364049562,1348244.600357692,1383.763692
219,1312191.597954302,1309968.943591502,2222.654363
220,1193796.748105042,1190822.851500342,2973.896605
221,1048924.077080982,1045809.286609882,3114.790471
222,1356881.068253492,1353072.439482792,3808.628771
223,1157919.791614822,1153734.227533322,4185.564082
224,1436936.761930562,1432792.547057162,4144.214873
225,1161440.686491802,1157487.446473902,3953.240018
226,941898.7728,940547.1653,1351.60757
227,1080773.684928802,1075093.539758302,5680.145171
228,1094417.834222752,1088874.546301352,5543.287921
229,1051668.083920012,1047602.044680012,4066.03924
230,925500.964,922212.0116,3288.952308
231,1039714.784714062,1036218.785380662,3495.999333
232,1058166.206657072,1054907.337585872,3258.869071
233,1096628.695791862,1093369.826720662,3258.869071
236,1032561.906770762,1027487.201224262,5074.705546
237,975998.0124,972521.3793,3476.63304
238,993567.5365,990812.9277,2754.608742
239,1290052.822628672,1284826.210376172,5226.612252
240,1443159.278321312,1438010.066908112,5149.211413
241,1123685.915740352,1115516.309509152,8169.606231
242,1172416.017196392,1168448.059217592,3967.957979
243,1220912.864377602,1215856.302425702,5056.561952
244,1441033.016679212,1435883.805266012,5149.211413
245,1250478.295821842,1247363.505350742,3114.790471
246,1233430.316417382,1228606.078529082,4824.237888
247,1268055.823930542,1264659.643520342,3396.18041
248,1294176.137109812,1289923.852628312,4252.284482
249,1299420.914971642,1295520.951779342,3899.963192
250,1180269.232180172,1176518.062282872,3751.169897
251,1148117.636877202,1144588.693285902,3528.943591
252,987022.0212,976513.2498,10508.77145
253,1105440.362029502,1101921.469528902,3518.892501
254,1341198.105729832,1334319.436757332,6878.668972
255,1287527.241330612,1283212.914871512,4314.326459
256,1229043.914375512,1223839.540303212,5204.374072
257,1166001.212513702,1161602.847726602,4398.364787
258,1240465.568443542,1235288.226061142,5177.342382
259,1174370.825443782,1171257.802620982,3113.022823
260,1150149.047717122,1146876.733257422,3272.31446
261,1070750.120325122,1058755.425178422,11994.69515
262,1095239.209,1092001.707,3237.501968
263,1015605.863,1005716.439,9889.424891
264,1254508.869428042,1248240.005259672,6268.864168
265,1030379.248433722,1027556.211358822,2823.037075
266,1000645.709,982278.1826,18367.52689
267,926625.1821,922068.8744,4556.307666
268,1191172.532865872,1186794.774102872,4377.758763
270,1322466.4118247621,1319492.515220062,2973.896605
271,1249382.219166902,1246408.322562202,2973.896605
272,1092253.080749952,1088468.100174152,3784.980576
273,1050268.622,1046483.641,3784.980576
274,1240332.030495252,1235154.688112852,5177.342382
275,1173109.379394422,1168317.672901122,4791.706493
276,1021090.731,1019031.751,2058.979484
277,1187315.827174682,1183084.367473582,4231.459701
278,1005148.914,1000907.385,4241.52897
279,1289734.265951822,1285506.832682772,4227.433269
280,978844.5052,977324.7473877401,1519.757859
281,1085399.3334949021,1079465.457069602,5933.876425
282,950302.125,946735.5853,3566.539651
283,1113823.059459262,1109072.750752362,4750.308707
284,1097304.569600052,1091090.842279352,6213.727321
285,1061979.784,1056841.731,5138.052999
286,916395.4473,914724.5519,1670.895446
287,1014487.824,1007924.905,6562.918928
288,926394.3293,921142.3715,5251.957812
289,932055.831,917126.4277269801,14929.40331
290,894810.5121,873996.9246,20813.58748
291,1307589.914410002,1297894.121524652,9695.792885
292,1196664.510796152,1189989.393832552,6675.116964
300,916981.0757,916981.0757,0
301,855892.4274,848952.0419,6940.385521
302,860781.9677,853841.5822,6940.385521
303,935160.7667,925275.9512,9884.815473
304,993790.1486,986264.5687,7525.579895
305,1137725.551654192,1117832.650552692,19892.9011
306,952233.7170652921,950534.9267646921,1698.790301
307,1106767.271463272,1102647.474064472,4119.797399
308,1042761.497795042,1033714.444359942,9047.053435
309,1278043.681322532,1268278.039940132,9765.641382
310,1119140.501206722,1113076.876124522,6063.625082
311,855896.2595,851970.29,3925.969578
312,956991.7588,949336.6622,7655.09664
313,1070621.480171792,1058316.936553992,12304.54362
314,1099480.157917672,1093958.383847272,5521.77407
315,1103118.764815972,1100559.161922972,2559.602893
316,1065051.384394292,1056282.807855692,8768.576539
317,1144693.995006052,1137407.819978652,7286.175027
318,1102265.634823142,1099234.597312942,3031.03751
319,1220615.228469312,1217356.359398112,3258.869071
320,1202474.955073312,1199762.168006412,2712.787067
321,1149025.579676472,1140666.628674272,8358.951002
322,1128276.382889562,1120106.776658362,8169.606231
323,1052475.307140832,1051644.473557832,830.833583
324,995693.2209,994341.6134,1351.60757
325,1074163.223893252,1071217.232255952,2945.991637
328,1199180.513542782,1195380.658223482,3799.855319
329,1103098.053437352,1095789.553735652,7308.499702
330,909930.1915,904041.604,5888.58745
331,1299049.378762532,1287726.516025732,11322.86274
332,879776.9213,874731.1216,5045.799727
333,1178750.559801382,1171187.614907482,7562.944894
334,89766.0082,89766.0082,0
400,102576.697,102576.697,0
401,143050.1302,143050.1302,0
402,152060.3472,152060.3472,0
405,575740.8403,567499.1507,8241.689548
406,390987.3977,383648.9229,7338.474794
407,588547.0261,578806.3505,9740.67566
408,643637.4556998101,632384.2203,11253.23544
409,1024196.778,1004835.983,19360.79478
410,1143223.720538942,1110394.050209022,32829.67033
411,1348451.030189006,1332359.446150176,16091.58404
412,920681.1254,903907.1521,16773.97325
413,790426.5597,767494.1719,22932.3878
414,971272.5209736701,950474.2479,20798.27303
415,755131.4526,714032.2705,41099.18205
416,774415.7116578401,757062.4687,17353.24296
417,673181.2301,662995.1605,10186.06954
418,1085662.793,1058916.5,26746.29323
420,925198.157,844819.7232,80378.43379
421,648043.8459,585551.1319,62492.71397
422,579014.1702,549963.1175,29051.05274
423,634775.521,563220.5766,71554.94444
424,569307.5267,522965.445,46342.08163
425,454389.2425,432077.543,22311.69951
426,679535.6059,626506.734,53028.87189
428,118137.97210243001,118137.97210243001,0
429,108000.218,108000.218,0
430,39602.28354,39602.28354,0
433,1159082.099044232,1153027.201506262,6054.897538
434,964013.0346,959593.2032,4419.83138
435,51075.49511,51075.49511,0
500,951835.5891,890059.0177,61776.57139
501,873869.8955,802580.6607,71289.23477
502,899179.8231,824355.3061,74824.51701
503,786572.8276,691648.9906,94923.83703
504,840223.5963,704952.5893,135271.0069
505,887220.8499,723507.4149,163713.435
508,886405.9134,631804.6174,254601.296
509,720839.4772,586817.6638,134021.8134
510,703414.3454,588645.6455,114768.6999
511,992284.9352,788134.6585,204150.2767
512,929646.8859,713057.5064,216589.3794
513,749695.3126,629597.8885,120097.4241
514,816455.4899,673586.5733,142868.9166
517,1287791.388699982,1244583.942530512,43207.44617
518,1130725.881085602,1090520.321215902,40205.55987
519,1015682.014674872,984291.4676,31390.54705
520,1070846.048205092,1034115.814586272,36730.23362
521,1023562.704104502,959307.3623,64255.34181
522,1105651.867681602,844952.8101,260699.0576
523,1015690.611363002,906475.2847,109215.3267
524,947092.0364,739122.3635,207969.6729
525,1206996.052694802,1167076.529837492,39919.52286
527,784131.3023,755623.9311,28507.37127
530,886218.7055,832003.8734106501,54214.83213
531,987339.7894,966621.3605,20718.42887
532,919169.6019,857084.2257,62085.37623
533,823152.6787,767721.8767,55430.80201
534,1168840.571100262,1149818.636026192,19021.93507
535,974762.9651,951486.3694,23276.59574
536,1055286.610550072,1034206.362791502,21080.24776
537,1233928.463630902,1219656.854747482,14271.60888
538,828470.4548,771253.8832,57216.57162
539,1290225.580525332,1272131.284520562,18094.296
540,746496.9843,653720.5399,92776.44435
541,1127846.010035972,1102997.905155902,24848.10488
542,863937.0384,806393.8131,57543.22527
543,827603.2644,715994.9352,111608.3291
544,810752.5331184301,709033.7016717601,101718.8314
545,934239.0809,826451.8866,107787.1943
548,862941.2462794901,240745.0979,622196.1484
549,882737.0568,330597.5378,552139.519
550,823920.0197,585505.3164567701,238414.7032
551,579448.976,327992.0021,251456.9739
554,996624.6841,978622.9953,18001.68875
555,1059004.848312802,1054607.856367532,4396.991945
556,1183271.641995532,1176743.0135295321,6528.628466
557,1010421.140867582,1001101.183425512,9319.957442
558,1105714.389660472,1081777.225652102,23937.16401
559,1183496.559236232,1179116.465131532,4380.094105
560,977897.4967,971143.2186,6754.278026
561,1024766.872474482,1001228.642821612,23538.22965
562,1046983.475099172,1031477.843673502,15505.63143
563,1113262.292099702,1096798.126056332,16464.16604
564,986827.0314,981813.4798,5013.551629
565,1036167.980614782,1033588.760548482,2579.220066
566,1077715.468043112,1074600.677572012,3114.790471
567,958334.8742,954962.7429,3372.13127
570,326098.7347,124340.0808,201758.6539
571,778886.5065,298894.8357,479991.6708
572,630743.2419,367027.4184,263715.8235
573,823956.0719,509767.6747,314188.3972
574,626175.4151,588063.4819,38111.93318
575,508449.687,127784.9854,380664.7015
577,971381.9602,945346.6883,26035.2719
578,1012321.779307172,979334.4836,32987.2957
579,1182788.675371482,1144018.516680862,38770.15869
580,992703.0466618721,957039.6639,35663.38281
600,885495.6102,744860.3498,140635.2604
601,751415.8213,644632.7553,106783.0659
602,862676.3142,746517.6799,116158.6344
603,773882.7986,647929.9365,125952.8621
604,831755.3996,707446.5950776701,124308.8045
605,833934.4558,715113.9001,118820.5557
606,791836.4608,695182.208,96654.25277
607,663399.9464,535576.1231,127823.8232
608,705831.9163,587367.9984,118463.9179
609,1015841.047,952798.6245,63042.42268
610,830513.8910243401,762655.4015,67858.48952
611,1132716.096623422,1126733.953458622,5982.143165
612,916192.9841,911262.4784,4930.505672
613,1137845.283794112,1132092.314944212,5752.96885
614,901341.3318,894085.1554,7256.176436
615,966436.5423,942035.9583,24400.58401
616,791608.172,780993.3417,10614.83026
617,920985.3669,904031.5752,16953.79171
618,1063961.506,956780.2812,107181.2247
619,951142.707,872674.3586,78468.34837
620,1019434.728,875529.96,143904.7678
621,943425.2212874601,887387.194,56038.02728
622,899430.6554,859972.715,39457.94047
624,612741.9343,503871.5761,108870.3582
625,477589.8534,454646.541,22943.31244
626,24391.29071,24235.37775,155.9129561
627,613816.8908,431776.1093,182040.7815
628,266274.4266,260402.1256,5872.301001
629,518310.7628,404636.8669,113673.8959
630,629450.8176,450944.2315,178506.5861
631,613758.1663,458714.643,155043.5233
632,372241.4309,182262.26328323002,189979.1676
633,330753.7336,188164.8091,142588.9246
634,163350.24655363002,84572.68547,78777.56109
635,16009.738952489999,16009.738952489999,0
636,905739.1867,813690.1609,92049.02585
637,933866.296,848985.8386,84880.45743
638,766162.0324,640522.6199,125639.4125
639,650484.7497,536722.9264,113761.8233
640,829665.1742,706479.1362,123186.0381
641,659424.8957,548632.8254,110792.0704
642,813224.8282000601,671484.3902,141740.438
643,729356.6584,639023.9942,90332.6642
644,716351.683,623786.5615,92565.12152
645,693218.2365,598318.3382,94899.8983
646,651108.3714,564316.9964,86791.37503
647,617397.3845,519095.3274,98302.05709
650,895720.8105,861827.21,33893.60052
651,907913.4377,867778.0234,40135.41436
652,909991.9451,883573.2003,26418.7448
653,911725.39,836965.2864,74760.1036
654,1073096.958,990512.345,82584.61284
655,894667.1045153401,836755.8131,57911.29138
656,1128204.731857762,1108714.375391322,19490.35647
657,1120425.051867102,921421.2987,199003.7532
658,970949.4228,790822.2950833701,180127.1277
659,937198.5416,797337.6848,139860.8568
660,1002338.407,853986.7166,148351.6906
661,863985.4014,773754.8833,90230.51809
662,627387.8886886201,509482.509,117905.3796
663,928314.4778,761800.2736,166514.2042
664,719940.911,719940.911,0
665,1100746.063501992,1100746.063501992,0
666,1490380.428147942,1480129.390781642,10251.03737
667,1119724.137353952,1119724.137353952,0
668,1401209.474560334,1401209.474560334,0
700,718175.1633,718175.1633,0
701,549015.0456,549015.0456,0
702,838362.2388643121,838362.2388643121,0
703,783244.9564,783244.9564,0
704,756620.042,756620.042,0
705,1235391.442316517,1235391.442316517,0
706,1163149.756202382,1156015.433549382,7134.322653
707,1158188.571690812,1158188.571690812,0
710,1164346.3182305421,1164346.3182305421,0
711,1420844.398888584,1419976.442170984,867.9567176
712,1230104.794739762,1230104.794739762,0
713,1003808.743610897,1003808.743610897,0
714,814879.7303,814879.7303,0
715,494605.1367,494605.1367,0
716,943191.8177,940787.878,2403.939688
717,263763.2138,263763.2138,0
718,1178839.431059274,1178115.965168274,723.465891
719,1497417.294181979,1493748.871817079,3668.422365
720,1209358.258776592,1208373.480927492,984.7778491
723,1116310.481199892,1105976.354695392,10334.1265
724,938932.7402,938932.7402,0
725,1134984.8286072721,1122284.657657072,12700.17095
726,843683.2524,843683.2524,0
727,899695.9321,898711.1542794621,984.7778491
728,932052.6142,932052.6142,0
731,1001696.167287512,994661.9686,7034.198717
732,833441.1728,826500.7873,6940.385521
733,1121893.390980932,1112141.855129132,9751.535852
734,1160579.770729272,1152821.283159772,7758.487569
735,915962.1586,915962.1586,0
736,1544011.471855749,1538515.127753849,5496.344102
737,1228992.924813072,1217332.919071872,11660.00574
738,1327554.761242602,1316134.343048802,11420.41819
739,1319163.398005934,1312158.592097834,7004.805908
740,1345768.854003129,1338634.531350129,7134.322653
741,1423859.369761784,1414941.495760784,8917.874001
742,1423824.031309534,1414906.157308534,8917.874001
743,1040453.737471842,1031564.650891342,8889.086581
744,1234385.967123572,1222725.961382372,11660.00574
745,1016578.758565932,1009371.422974832,7207.335591
800,428586.3036,428586.3036,0
801,916896.6985,915618.5582,1278.14025
802,1011864.946652572,1003431.236162772,8433.71049
803,958215.9871,956864.3795,1351.60757
804,1146026.791172542,1135259.663419542,10767.12775
805,867136.6048452021,866305.7712622021,830.833583
806,1004454.252231432,996416.0831,8038.169174
807,1322891.6198145421,1308028.134624842,14863.48519
808,1234558.213418282,1222915.150830982,11643.06259
812,959353.5977,951315.4285,8038.169174
813,905275.4429,904444.6093,830.833583
814,834847.3746,833862.5968,984.7778491
815,764390.8068,764390.8068,0
816,972476.7043,972476.7043,0
817,997634.6811,996356.5408,1278.14025
818,872958.4422,866271.4262,6687.015986
819,959056.2264,956556.4497,2499.776693
820,949655.6099,947104.5727,2551.037164
821,1016643.762295042,1016643.762295042,0
824,1196633.661006242,1182270.759079242,14362.90193
825,1229079.217150942,1214716.315223942,14362.90193
826,1353643.161883132,1341334.044826332,12309.11706
827,1339787.579735802,1323861.529453502,15926.05028
828,1474030.4554793271,1468023.720314027,6006.735165
829,775098.3844,775098.3844,0
830,906352.9444768421,898294.6914793421,8058.252998
831,1263225.790936732,1248671.473533332,14554.3174
832,1098254.024389662,1087598.141312262,10655.88308
833,988587.0298,981018.9622,7568.067675
834,985829.1379,979452.1814669321,6376.95639
835,938965.4894,930927.3203,8038.169174
836,1429737.324260312,1423328.106267112,6409.217993
837,1203032.339155042,1188478.021751642,14554.3174
894,1383027.601822664,1380845.615051564,2181.986771
895,1485930.083724749,1481047.541963549,4882.541761
896,1542694.876910439,1534356.040750139,8338.83616
897,982613.3034,982613.3034,0
898,1171681.036611282,1170011.639119482,1669.397492
899,917812.7896,910148.9382,7663.851412
900,943999.6509,943999.6509,0
901,1021492.295247932,1020507.517398832,984.7778491
902,1032498.753561072,1032498.753561072,0
903,1035527.177728172,1035527.177728172,0
904,1345057.860751797,1337769.457205497,7288.403546
905,945493.4797,938553.0942,6940.385521
906,957718.0441,950777.6585555921,6940.385521
907,850949.7839,850949.7839,0
910,1437738.939486909,1428102.711950409,9636.227537
911,1125769.873653322,1125769.873653322,0
912,996420.545,996420.545,0
913,1525488.760507519,1519684.937169319,5803.823338
914,1111152.262172392,1111152.262172392,0
915,1451862.126326229,1448800.434728229,3061.691598
916,1092868.024563382,1092017.107156982,850.9174064
917,1394340.645587674,1391249.885386974,3090.760201
918,1249123.142258547,1249123.142258547,0
919,1071074.774971522,1070223.857565122,850.9174064
920,1146374.393537722,1146374.393537722,0
921,1304867.200546314,1303515.592976614,1351.60757
922,1148955.084452202,1148955.084452202,0
924,1056993.628224462,1053112.876423862,3880.751801
925,801317.5124,801317.5124,0
926,860606.9379,860606.9379,0
927,988816.9335,988816.9335,0
928,956217.557,955232.7792,984.7778491
931,955253.1488,955253.1488,0
932,929140.0970277321,929140.0970277321,0
933,972913.5936,972190.1277,723.465891
934,885476.0545,885476.0545,0
935,891482.4322,891482.4322,0
936,884459.3141,884459.3141,0
939,1314375.495218802,1311662.708151902,2712.787067
940,982630.95,981646.1721,984.7778491
941,1000725.107833672,999740.33,984.7778491
942,892633.4602,885693.0747,6940.385521
943,862752.4467,862752.4467,0
944,1008752.153095042,997943.1856,10808.96746
945,1003741.665286152,994351.9138,9389.751473
946,1017880.738873642,1008806.426241942,9074.312632
949,853196.1657,849270.1962,3925.969578
950,1172534.193790862,1164343.020655162,8191.173136
951,1029481.082892272,1028496.305043172,984.7778491
952,1300495.096658992,1295351.901540692,5143.195118
953,1331307.292972812,1327212.416407412,4094.876565
954,1128670.079931572,1127839.700730172,830.3792014
955,974854.5883,973869.8104,984.7778491
958,1065489.200490412,1064765.734599412,723.465891
959,263611.6973,263611.6973,0
960,731473.4484,731473.4484,0
961,1041492.760546625,1041492.760546625,0
962,876460.8948,876460.8948,0
963,1341499.103191584,1339829.705699784,1669.397492
964,1229459.705376097,1229459.705376097,0
965,927361.7521,924957.8124,2403.939688
966,1061693.539274665,1057767.569696665,3925.969578
967,1122112.727664437,1115172.342143437,6940.385521
968,1197587.546836834,1197587.546836834,0
969,1514840.489659879,1505574.625903479,9265.863756
970,1597676.1432831197,1583719.4528274196,13956.69046
971,1569824.893908789,1558722.653814089,11102.24009
972,711209.2081,711209.2081,0
973,1098361.63,1098361.63,0
974,1435443.019893869,1431634.640461969,3808.379432
975,1224495.449502844,1224495.449502844,0
976,74366.28537,74366.28537,0
977,832305.7223,829901.7826,2403.939688
978,470994.0142,470994.0142,0
979,1119093.580496552,1119093.580496552,0
980,1139199.154817142,1139199.154817142,0
981,803829.447,803829.447,0
982,1012706.703531312,1012706.703531312,0
983,977964.152,977964.152,0
984,61473.06814,61473.06814,0
999,777575.4456016608,777575.4456016608,0
1000,200462.0382,200462.0382,0
1001,149756.5834941807,149756.5834941807,0
1002,198836.5794844707,198836.5794844707,0
1003,422632.9464333907,422632.9464333907,0
1004,171375.9420538807,171375.9420538807,0
1005,241811.6400785207,241811.6400785207,0
1006,860933.0178699607,860933.0178699607,0
1007,1296536.2012620226,1296536.2012620226,0
1008,175502.0985236407,175502.0985236407,0
1009,1131042.5091062128,1128638.5694182126,2403.939688
1010,348491.9481290907,348491.9481290907,0
1011,848416.4026272408,848416.4026272408,0
1012,319813.0138296557,319813.0138296557,0
1013,852209.6841785407,852209.6841785407,0
1014,130128.8617,130128.8617,0
1015,548405.4108,548405.4108,0
1016,314321.9182,314321.9182,0
1017,326295.9145,326295.9145,0
1018,407095.5494,407095.5494,0
1019,985640.8625321276,985640.8625321276,0
1020,406278.083,406278.083,0
1021,740752.9234641776,740752.9234641776,0
1022,265931.7998,265931.7998,0
1023,985049.0263328177,985049.0263328177,0
1024,801936.9973708877,801936.9973708877,0
1025,1047123.4641636777,1047123.4641636777,0
1026,1065108.3721392797,1065108.3721392797,0
1027,967577.0361570977,967577.0361570977,0
1028,560618.3134,560618.3134,0
1029,614154.2118720657,614154.2118720657,0
1030,1568909.1238551897,1559800.8299600896,9108.293895
1031,914630.178,914630.178,0
1032,239977.7665,239977.7665,0
1033,211301.91860792701,211301.91860792701,0
1034,89989.98115,89989.98115,0
1035,180080.6375,180080.6375,0
1036,1037314.0300457607,1037314.0300457607,0
1037,772450.1374508907,772450.1374508907,0
1038,708374.6713,708374.6713,0
1039,578421.0578,578421.0578,0
1040,237299.1093,237299.1093,0
1041,377333.1618,377333.1618,0
1042,263820.0281,263820.0281,0
1043,316561.4106,316561.4106,0
1044,675617.306,675617.306,0
1045,875422.4258024608,875422.4258024608,0
1046,818969.5698,818969.5698,0
1047,755879.3977022207,755879.3977022207,0
1048,1074473.2943764806,1074473.2943764806,0
1049,1292558.1460069297,1292558.1460069297,0
1050,1397902.9024382597,1397902.9024382597,0
1051,881625.5615190377,881625.5615190377,0
1052,1333373.4133364996,1333373.4133364996,0
1053,1302452.9846657387,1297803.5491967387,4649.435469
1054,1293035.2065706798,1293035.2065706798,0
1055,1551304.6823071137,1544617.6663211137,6687.015986
1056,1167787.4585858507,1167787.4585858507,0
1057,1375570.5979647767,1375570.5979647767,0
1058,1331043.3874869086,1330319.9215959087,723.465891
1059,1456427.9524853786,1456427.9524853786,0
1060,1010582.2865876507,1010582.2865876507,0
1061,968709.3332092207,968709.3332092207,0
1062,1183367.2565033566,1183367.2565033566,0
1063,928090.6658749197,928090.6658749197,0
1064,922264.8804450097,922264.8804450097,0
1065,1021354.8320376797,1021354.8320376797,0
1066,726844.6882333497,726844.6882333497,0
1067,504105.9511583597,504105.9511583597,0
1068,234143.5774,234143.5774,0
1069,948333.3219877597,948333.3219877597,0
1070,336188.3176,336188.3176,0
1071,109862.79043672999,109862.79043672999,0
1072,524310.2208278507,524310.2208278507,0
1073,1028350.8682477177,1028350.8682477177,0
1074,1300059.0323191697,1300059.0323191697,0
1075,279870.9804,279870.9804,0
1076,556419.1965,556419.1965,0
1077,269453.379,269453.379,0
1078,208715.1299,208715.1299,0
1079,285802.9428,285802.9428,0
1080,189396.8836,189396.8836,0
1081,301886.3054,301886.3054,0
1082,438563.8232,438563.8232,0
1083,240209.4772,240209.4772,0
1084,670501.6043138407,670501.6043138407,0
1085,1154030.1928649796,1154030.1928649796,0
1087,302046.6014,302046.6014,0
1088,516162.6908,516162.6908,0
1089,395033.1035,395033.1035,0
1090,195714.8714,195714.8714,0
1091,173450.6038,173450.6038,0
1092,94416.76371,94416.76371,0
1093,1229560.3627705977,1229560.3627705977,0
1095,1165561.5322749708,1165561.5322749708,0
1096,259339.9004,259339.9004,0
1097,1024928.5365625097,1024928.5365625097,0
1099,1206626.4110892466,1206626.4110892466,0
1100,239452.2754,239452.2754,0
1101,672629.8347,672629.8347,0
1102,387467.8244,387467.8244,0
1103,253860.9287,253860.9287,0
1104,215535.1543,215535.1543,0
1105,538656.5357,538656.5357,0
1106,342050.2021,342050.2021,0
1107,201768.91826068002,201768.91826068002,0
1108,344286.6231,344286.6231,0
1109,274536.3805,274536.3805,0
1110,327654.593,327654.593,0
1111,278349.6205,278349.6205,0
1112,281370.5348,281370.5348,0
1113,222606.227,222606.227,0
1114,149140.2995,149140.2995,0
1115,237795.0801,237795.0801,0
1116,218257.7438,218257.7438,0
1117,252601.0865,252601.0865,0
1118,306601.5748,306601.5748,0
1119,271951.8034,271951.8034,0
1120,245682.8402,245682.8402,0
1121,256712.9612,256712.9612,0
1122,295500.629,295500.629,0
1123,287088.643,287088.643,0
1124,225639.8063,225639.8063,0
1125,397791.4704,397791.4704,0
1126,392004.5679,392004.5679,0
1127,137788.3874,137788.3874,0
1128,221642.6338,221642.6338,0
1129,169744.8283,169744.8283,0
1130,238329.08446769998,238329.08446769998,0
1131,261773.7272,261773.7272,0
1132,144671.0271,144671.0271,0
1133,218577.5152,218577.5152,0
1134,166058.6837,166058.6837,0
1135,191142.5763,191142.5763,0
1198,244201.3785,244201.3785,0
1200,127901.3316,127901.3316,0
1201,202901.51829317398,202901.51829317398,0
1202,177797.4741,177797.4741,0
1203,238309.9797,238309.9797,0
1204,219133.5765,219133.5765,0
1205,142472.9696,142472.9696,0
1206,198553.2294,198553.2294,0
1207,146636.4311,146636.4311,0
1209,369100.5113,369100.5113,0
1210,206194.0336,206194.0336,0
1211,165776.2097,165776.2097,0
1212,166904.5529,166904.5529,0
1213,192940.5975,192940.5975,0
1214,189498.0791,189498.0791,0
1215,203135.5147,203135.5147,0
1216,212063.1658,212063.1658,0
1217,126087.8688,126087.8688,0
1218,482161.8651452447,482161.8651452447,0
1219,516156.3394528447,516156.3394528447,0
1220,1080763.3222630196,1078359.3825750197,2403.939688
1221,424192.7125,424192.7125,0
1222,831323.7733916597,831323.7733916597,0
1223,332422.0005732247,332422.0005732247,0
1224,1055350.9189650896,1055350.9189650896,0
1225,301866.053,301866.053,0
1226,594071.6213917747,594071.6213917747,0
1227,864477.7352345847,864477.7352345847,0
1228,509130.9131931247,509130.9131931247,0
1229,248975.2066918847,248975.2066918847,0
1230,346418.4386,346418.4386,0
1231,268386.273,268386.273,0
1234,169442.6194913507,169442.6194913507,0
1235,168622.4098362707,168622.4098362707,0
1236,156636.4630865407,156636.4630865407,0
1237,215540.4762325407,215540.4762325407,0
1238,41897.06558,41897.06558,0
1239,157281.7662040907,157281.7662040907,0
1240,162611.1483017807,162611.1483017807,0
1241,148869.2750221807,148869.2750221807,0
1242,152359.0944718407,152359.0944718407,0
1243,135273.64520528069,135273.64520528069,0
1244,140260.7436389807,140260.7436389807,0
1245,109643.4546872807,109643.4546872807,0
1246,181921.86248148992,181921.86248148992,0
1249,287821.231,287821.231,0
1250,206772.1231977347,206772.1231977347,0
1251,255519.5698,255519.5698,0
1252,265490.8586,265490.8586,0
1253,454246.1951586647,454246.1951586647,0
1254,271252.9912727947,271252.9912727947,0
1255,274581.6916,274581.6916,0
1256,247080.8873,247080.8873,0
1257,168497.97247077498,168497.97247077498,0
1260,210922.6536299457,210922.6536299457,0
1261,299237.6381825157,299237.6381825157,0
1262,203471.4293603257,203471.4293603257,0
1263,312045.0163922747,312045.0163922747,0
1264,217454.5644853347,217454.5644853347,0
1265,304312.3126628347,304312.3126628347,0
1266,253573.3482597547,253573.3482597547,0
1267,472190.2078472947,472190.2078472947,0
1270,272491.0825577357,272491.0825577357,0
1271,317082.6554708157,317082.6554708157,0
1272,283637.6661743157,283637.6661743157,0
1273,340764.4701000647,340764.4701000647,0
1274,322264.4180442647,322264.4180442647,0
1275,236422.4401169057,236422.4401169057,0
1276,336856.4982502547,336856.4982502547,0
1277,839463.5047552997,839463.5047552997,0
1278,276556.0396216447,276556.0396216447,0
1279,274478.0186048447,274478.0186048447,0
1280,313802.4481450547,313802.4481450547,0
1281,526966.8474869546,526966.8474869546,0
1283,139042.4051269857,139042.4051269857,0
1284,159787.4999793857,159787.4999793857,0
1285,123670.7518023907,123670.7518023907,0
1286,172844.6343930857,172844.6343930857,0
1289,249720.9382055047,249720.9382055047,0
1300,411930.7419,411930.7419,0
1301,335142.7461,335142.7461,0
1302,1126.215183,1126.215183,0
1303,636208.2168,636208.2168,0
1304,708567.7424,708567.7424,0
1305,903616.6284,903616.6284,0
1306,1048803.357619994,1046399.417931994,2403.939688
1307,225138.7523,225138.7523,0
1308,692039.9053,692039.9053,0
1309,1272312.7821995267,1265372.3966785267,6940.385521
1310,218778.3382,218778.3382,0
1311,448150.9388,448150.9388,0
1312,155606.9273,155606.9273,0
1313,269704.2567,269704.2567,0
1314,173671.0888,173671.0888,0
1315,178295.2752,178295.2752,0
1316,794602.9002,794602.9002,0
1317,243252.5338,243252.5338,0
1318,954811.7098,954811.7098,0
1319,184593.81979983998,184593.81979983998,0
1320,444551.3999,444551.3999,0
1321,432309.774,432309.774,0
1322,199622.2805,199622.2805,0
1323,331484.3746,331484.3746,0
1324,225661.8867,225661.8867,0
1325,850812.577,850812.577,0
1326,1356622.2198820827,1347733.1333015827,8889.086581
1327,737691.5875399701,737691.5875399701,0
1328,791865.4608,791865.4608,0
1329,819184.1232,819184.1232,0
1330,842319.1662,842319.1662,0
1331,611119.7467,611119.7467,0
1332,896475.8447,896475.8447,0
1333,199210.4207,199210.4207,0
1334,749074.9977,749074.9977,0
1335,608476.1546,608476.1546,0
1336,918453.9791,918453.9791,0
1337,463497.9743,463497.9743,0
1338,741775.1431,741775.1431,0
1339,709152.8897,709152.8897,0
1340,350809.6241,350809.6241,0
1341,1189696.327688204,1185046.892219204,4649.435469
1342,677456.327,677456.327,0
1343,644389.9588,644389.9588,0
1344,309152.7354,309152.7354,0
1345,412152.6536,412152.6536,0
1346,184870.5924,184870.5924,0
1347,347946.0231,347946.0231,0
1348,614294.7237,614294.7237,0
1349,475655.6403,475655.6403,0
1351,156407.211,156407.211,0
1400,337334.0753,337334.0753,0
1401,336861.9786,336861.9786,0
1402,933897.3772,933897.3772,0
1403,567581.4336,567581.4336,0
1404,698024.9151029619,698024.9151029619,0
1405,315113.2523,315113.2523,0
1406,1336061.009,1329120.624,6940.385521
1407,1372158.011,1372158.011,0
1408,816749.7693,816749.7693,0
1409,854508.0969,854508.0969,0
1410,499306.7653,499306.7653,0
1413,110340.3271,110340.3271,0
1414,337598.3031,337598.3031,0
1415,530982.5311,530982.5311,0
1416,282564.4055,282564.4055,0
1417,131141.7515,131141.7515,0
1418,430516.70024930197,430516.70024930197,0
1419,417968.9148,417968.9148,0
1420,540393.5986,540393.5986,0
1421,585456.3189,585456.3189,0
1422,670438.1476,670438.1476,0
1500,376841.57084754197,376841.57084754197,0
1501,758631.9298,758631.9298,0
1502,364801.0931,364801.0931,0
1503,799585.8501,799585.8501,0
1504,383550.5473,383550.5473,0
1505,333037.1123,333037.1123,0
1506,1170563.023,1168159.083,2403.939688
1507,1070261.835,1070261.835,0
1508,371023.7783,371023.7783,0
1509,361321.3166,361321.3166,0
1510,1014620.011196742,1014620.011196742,0
1511,325458.9941,325458.9941,0
1512,663118.421,663118.421,0
1515,672720.8106,672720.8106,0
1516,264637.0834,264637.0834,0
1517,674635.3828,674635.3828,0
1518,674221.488,674221.488,0
1519,758153.8699,758153.8699,0
1520,801806.5927,801806.5927,0
1521,894437.7133,894437.7133,0
1522,810901.1583,803237.3069,7663.851412
1525,892541.175,892541.175,0
1526,873453.5309,873453.5309,0
1527,776548.6682,772622.6986,3925.969578
1528,538275.955,538275.955,0
1529,469983.4078,469983.4078,0
1533,375063.009,375063.009,0
1534,848328.5966,848328.5966,0
1535,637389.0262,637389.0262,0
1536,649534.3874,649534.3874,0
1537,1062916.709,1062916.709,0
1538,702900.4316,702900.4316,0
1539,1191782.911,1191782.911,0
1540,1012848.852,1010444.912,2403.939688
1541,998928.9468,998928.9468,0
1542,333844.6812,333844.6812,0
1543,1087608.693,1087608.693,0
1544,1088241.375,1088241.375,0
1545,1077775.483,1077775.483,0
1546,563240.1664,563240.1664,0
1547,956606.4261,956606.4261,0
1548,1002957.972,1002957.972,0
1549,878501.5002,878501.5002,0
1550,1009800.152661632,1009800.152661632,0
1551,856210.2737,853806.334,2403.939688
1552,1128799.469,1128799.469,0
1553,1315054.87,1313876.853,1178.016314
1554,868405.8216,868405.8216,0
1555,804232.8602,804232.8602,0
1556,771257.5481,771257.5481,0
1557,855054.9954,855054.9954,0
1558,721466.8773,721466.8773,0
1559,709135.5982,709135.5982,0
1560,657042.1696,657042.1696,0
1561,339460.6772,339460.6772,0
1562,1391035.658643712,1387757.920614812,3277.738029
1563,203617.8784,203617.8784,0
1564,423796.1922,423796.1922,0
1565,552638.4343,552638.4343,0
1566,217313.2722,217313.2722,0
1567,523320.9752,523320.9752,0
1568,847268.3271,847268.3271,0
1569,659846.0219,659846.0219,0
1570,736955.7005,736955.7005,0
1571,951006.4606,951006.4606,0
1572,280404.5534,280404.5534,0
1573,966017.5414,966017.5414,0
1574,647863.6696,647863.6696,0
1575,645902.4134,645902.4134,0
1576,1059083.426699632,1056679.487011632,2403.939688
1577,663995.6768,663995.6768,0
1578,592195.7602,592195.7602,0
1581,958883.1151,958883.1151,0
1582,363253.4101,363253.4101,0
1583,1143793.837318042,1141389.897630042,2403.939688
1584,1150097.127534602,1150097.127534602,0
1585,928031.6757,928031.6757,0
1586,1024989.639412562,1024989.639412562,0
1587,1040503.187578182,1040503.187578182,0
1588,360193.1646,360193.1646,0
1589,1328633.398398024,1328633.398398024,0
1590,1053276.289372202,1053276.289372202,0
1591,1186994.803030432,1183068.833452432,3925.969578
1600,10871.69294,10871.69294,0
1601,14290.3676,14290.3676,0
1602,13662.43108,13662.43108,0
1603,33298.23771,33298.23771,0
1604,30849.654593979998,30849.654593979998,0
1605,416.6828021,416.6828021,0
1606,41308.473012919996,41308.473012919996,0
1607,92607.79013,92607.79013,0
1608,10747.53992,10747.53992,0
1609,176161.82343048698,176161.82343048698,0
1612,290.5788461,290.5788461,0
1613,290.5788461,290.5788461,0
1614,229.2911926,229.2911926,0
1615,1175.7762883999999,1175.7762883999999,0
1616,10093.031571399999,10093.031571399999,0
1617,11306.13678,11306.13678,0
1618,18747.75196,18747.75196,0
1619,129278.5781,129278.5781,0
1620,265101.5966,265101.5966,0
1621,83087.01022,83087.01022,0
1622,23453.65933,23453.65933,0
1623,33532.39876,33532.39876,0
1624,116836.0661,116836.0661,0
1625,539867.1477,539867.1477,0
1626,83826.86731,83826.86731,0
1627,672268.0689,672268.0689,0
1628,333408.5846,333408.5846,0
1629,298413.951,298413.951,0
1630,458677.1619,458677.1619,0
1631,622913.546,622913.546,0
1632,190069.6347,190069.6347,0
1633,204479.9522,204479.9522,0
1634,259052.2012,259052.2012,0
1635,557121.4858,557121.4858,0
1637,33742.06663,33742.06663,0
1638,37205.37608,37205.37608,0
1639,77454.28644,77454.28644,0
1640,250726.2386,250726.2386,0
1641,69596.96294,69596.96294,0
1642,89832.32818,89832.32818,0
1643,174031.2381,174031.2381,0
1644,137673.2305,137673.2305,0
1645,276533.2217,276533.2217,0
1700,320873.5293,320873.5293,0
1701,696389.7679,696389.7679,0
1702,39439.40378,39439.40378,0
1703,821054.5304,821054.5304,0
1704,320964.5446,320964.5446,0
1705,785874.844,785874.844,0
1706,672143.1561,672143.1561,0
1707,275086.6414,275086.6414,0
1708,638715.7631,638715.7631,0
1710,702542.8009,702542.8009,0
1711,880082.6311,879359.1652,723.465891
1712,792298.0795,791574.6136,723.465891
1713,715708.2959,715708.2959,0
1714,1029323.635423462,1029323.635423462,0
1715,220652.4833,220652.4833,0
1716,884700.9675,883977.5016,723.465891
1717,566977.7111,566977.7111,0
1720,270048.4311,270048.4311,0
1721,664513.9076,664513.9076,0
1722,422345.5816,422345.5816,0
1723,63700.50064,63700.50064,0
1724,413412.7912,413412.7912,0
1725,243948.69837216698,243948.69837216698,0
1726,585690.0908,585690.0908,0
1729,16888.03798,16888.03798,0
1730,28369.92865,28369.92865,0
1731,101704.45992087999,101704.45992087999,0
1732,363306.2757,363306.2757,0
1733,22290.33118,22290.33118,0
1734,121780.4619,121780.4619,0
1735,25834.19731,25834.19731,0
1736,481020.77450698003,481020.77450698003,0
1739,2995.895639,2995.895639,0
1740,148288.3648,148288.3648,0
1741,56266.22782,56266.22782,0
1742,649220.3939,649220.3939,0
1743,213325.0264,213325.0264,0
1744,227698.5246,227698.5246,0
1745,135253.2456,135253.2456,0
1748,21025.734640889998,21025.734640889998,0
1749,112881.3218,112881.3218,0
1750,64424.60016,64424.60016,0
1751,536491.1053,536491.1053,0
1752,149611.0872,149611.0872,0
1753,641818.4828,641818.4828,0
1754,98373.85863,98373.85863,0
1755,35189.477605349995,35189.477605349995,0
1800,750357.0179,750357.0179,0
1801,830617.765,830617.765,0
1802,983667.9664,983667.9664,0
1803,1073433.831259962,1072255.814946062,1178.016314
1804,984127.1656,983142.3878,984.7778491
1805,1272241.216628434,1266958.167276934,5283.049351
1806,1354827.743957062,1342712.297736962,12115.44622
1807,1150776.460085812,1142420.500989612,8355.959096
1808,1073177.285959462,1064724.078488262,8453.207471
1809,1131177.961122562,1122260.087121562,8917.874001
1810,1126298.774354062,1116847.003930262,9451.770424
1811,1256738.051072934,1252113.925712134,4624.125361
1812,1230498.866053524,1227221.128024624,3277.738029
1813,810801.7689,810801.7689,0
1814,357654.3091,357654.3091,0
1815,885477.9839,880828.5484,4649.435469
1816,794543.3539,794543.3539,0
1817,761876.1966,761876.1966,0
1818,847819.6015,840879.216,6940.385521
1819,879176.7086,879176.7086,0
1820,1000735.383977007,991880.9742,8854.409809
1821,860512.8261,860512.8261,0
1823,784211.058,777270.6725,6940.385521
1824,824334.9716,823611.5057,723.465891
1825,976263.6314,968225.4622,8038.169174
1826,725902.3544,725902.3544,0
1827,710345.5902,710345.5902,0
1828,796029.7269,796029.7269,0
1829,764890.0963,764166.6305,723.465891
1830,517909.7483,517909.7483,0
1831,870536.1072,870536.1072,0
1832,1098200.699714262,1087603.318971562,10597.38074
1833,543445.9807,543445.9807,0
1834,637040.6717,637040.6717,0
1835,758639.1148,757654.337,984.7778491
1836,1111241.934298162,1099359.368466462,11882.56583
1837,1165805.057974214,1153288.086798114,12516.97118
1838,896204.5139,896204.5139,0
1839,997237.794,989842.7777,7395.016324
1840,873439.3933,865987.2807,7452.112575
1841,843275.6249,843275.6249,0
1842,1086751.580371362,1077387.135673762,9364.444698
1843,1065015.751433242,1056097.877432242,8917.874001
1844,1351811.672682334,1337335.953528534,14475.71915
1845,1191943.045037024,1181292.818682624,10650.22635
1846,1226288.618694654,1211655.399918154,14633.21878
1847,311800.6095,311800.6095,0
1848,698486.7369,698486.7369,0
1849,549143.3138,549143.3138,0
1850,1059406.435633987,1050720.067788987,8686.367845
1851,732101.8566,731378.3907,723.465891
1852,576487.8587,576487.8587,0
1853,953646.7335,946418.8597,7227.873796
1854,963972.6559,956182.6851,7789.970797
1855,895137.6942,886451.5917,8686.102516
1856,712183.7013,712183.7013,0
1857,1087650.215181309,1076754.810708409,10895.40447
1900,1057445.734375592,1045303.557615292,12142.17676
1901,640203.372,640203.372,0
1902,912778.0386,902889.489,9888.549657
1903,1025280.5418130221,1015621.6382288222,9658.903584
1904,935506.9815526321,927468.8123785321,8038.169174
1905,1092719.449342974,1082107.9868225742,10611.46252
1906,959009.7299,950155.3201,8854.409809
1907,697307.2875,697307.2875,0
1908,1079269.977306717,1068604.104410617,10665.8729
1910,954581.4351,946225.476,8355.959096
1911,1056397.397677897,1048206.224542197,8191.173136
1912,1065150.684634227,1055491.781050027,9658.903584
1913,1168116.197220819,1162784.156915819,5332.040305
1914,1130260.529478829,1117841.567501029,12418.96198
1915,1096986.595445479,1084396.022517279,12590.57293
1916,1252250.661712054,1236132.193524554,16118.46819
1917,1259333.151827554,1243214.683640054,16118.46819
1918,1266183.897105604,1249780.712665704,16403.18444
1919,1249873.232355589,1232316.873736589,17556.35862
1922,839987.4493022321,838288.6590016321,1698.790301
1923,821076.3561248521,818820.9273,2255.42882
1924,758196.9891274421,758196.9891274421,0
1925,937804.4793910321,928970.1534049321,8834.325986
1926,1032596.1288220041,1022937.2252378041,9658.903584
1927,1028681.1106601041,1019022.2070759041,9658.903584
1928,703088.5193,696148.1338127921,6940.385521
1929,947054.8960669321,939016.7268928321,8038.169174
1930,826651.0074582521,824916.3526252521,1734.654833
1931,797014.0561700522,797014.0561700522,0
1932,450600.3737,450600.3737,0
1933,798001.8195,798001.8195,0
1934,807041.8426183522,806057.0647692521,984.7778491
1935,536179.5882,536179.5882,0
1936,664838.3728672921,664838.3728672921,0
1937,518662.3946,518662.3946,0
1940,1255677.0716384412,1241225.1485865412,14451.92305
1941,1183752.654394434,1171608.870884434,12143.78351
1942,950787.3638,941869.4898,8917.874001
1943,1225679.142070319,1208890.004874419,16789.1372
1944,869098.5824262201,860209.4958,8889.08658
1945,1351359.290530449,1346964.396291449,4394.894239
1946,1138948.148639952,1122354.122247752,16594.02639
1947,1431825.354781664,1425049.806168064,6775.548614
1948,1337437.979306244,1332113.600499544,5324.378807
1949,1222244.386770774,1210167.081502774,12077.30527
1950,1280317.882241404,1267226.428398704,13091.45384
1951,1445481.519970534,1441035.538824634,4445.981146
1952,1360695.694438334,1355897.715806034,4797.978632
1953,1385853.446371374,1380275.733804874,5577.712567
1954,1280525.206516204,1264860.253830904,15664.95269
1955,1425256.630860414,1417620.638361014,7635.992499
1956,1334579.170220554,1329074.694978854,5504.475242
1957,1382658.374853184,1378263.480614184,4394.894239
1958,1263885.407065999,1249249.901176199,14635.50589
1959,1168262.503515329,1151201.809333729,17060.69418
1960,1415685.777150119,1407809.547855419,7876.229295
1961,1320836.990600064,1310051.358027064,10785.63257
1962,1445505.227982234,1441989.905796334,3515.322186
1963,1434336.515866434,1426713.885995034,7622.629871
2000,19102.58031,19102.58031,0
2001,30429.88994,30429.88994,0
2002,13537.7916,13537.7916,0
2003,23659.50088,23659.50088,0
2004,28887.0514,28887.0514,0
2007,51.87985583,51.87985583,0
2008,27861.7022,27861.7022,0
2009,25072.66296,25072.66296,0
2010,21286.197853010002,21286.197853010002,0
2011,7099.51258,7099.51258,0
2012,279.8578862,279.8578862,0
2013,2067.554804,2067.554804,0
2014,24803.16001,24803.16001,0
2015,37808.12534,37808.12534,0
2018,13168.15017,13168.15017,0
2019,39681.45691,39681.45691,0
2020,28887.0514,28887.0514,0
2021,31371.35519,31371.35519,0
2022,54428.79516966209,54428.79516966209,0
2023,46855.56316,46855.56316,0
2025,45947.93532,45947.93532,0
2026,43193.67203,43193.67203,0
2027,31558.78197,31558.78197,0
2028,79096.29141,79096.29141,0
2029,93860.66453806209,93860.66453806209,0
2030,77928.60937226209,77928.60937226209,0
2031,41047.53187,41047.53187,0
2032,41258.11384,41258.11384,0
2033,85142.72809486209,85142.72809486209,0
2034,76449.01255546209,76449.01255546209,0
2035,81403.78195,81403.78195,0
2036,43772.62028,43772.62028,0
2037,83419.64788696209,83419.64788696209,0
2100,73816.75855640208,73816.75855640208,0
2101,94703.73742250209,94703.73742250209,0
2102,108450.25408050208,108450.25408050208,0
2103,148546.1329228021,148546.1329228021,0
2104,100122.68821920209,100122.68821920209,0
2105,112124.89397030209,112124.89397030209,0
2107,508111.6986380821,508111.6986380821,0
2108,51401.77616880209,51401.77616880209,0
2109,78887.10721,78887.10721,0
2110,75126.70006,75126.70006,0
2113,259162.52444800208,259162.52444800208,0
2114,119857.29085370208,119857.29085370208,0
2115,482660.9920628021,482660.9920628021,0
2116,192124.4798272021,192124.4798272021,0
2117,106725.35227560208,106725.35227560208,0
2118,238714.6375852021,238714.6375852021,0
2119,187561.62351160208,187561.62351160208,0
2120,174379.07234400208,174379.07234400208,0
2123,369517.4811,369517.4811,0
2124,341775.9549,341775.9549,0
2125,51644.01046,51644.01046,0
2126,264750.0152,264750.0152,0
2127,36056.99302,36056.99302,0
2128,96238.26635,96238.26635,0
2129,35381.27275,35381.27275,0
2130,1518.7419,1518.7419,0
2131,16349.28483,16349.28483,0
2132,3560.829813,3560.829813,0
2133,70522.8328,70522.8328,0
2134,16314.88553,16314.88553,0
2135,430559.3404295021,430559.3404295021,0
2136,58102.38384000209,58102.38384000209,0
2137,29521.74733,29521.74733,0
2138,413242.1314427021,413242.1314427021,0
2139,292877.9627894021,292877.9627894021,0
2140,421777.10106140206,421777.10106140206,0
2141,137145.9471004021,137145.9471004021,0
2142,162759.7257,162759.7257,0
2143,338185.6075472021,338185.6075472021,0
2144,453507.3803067021,453507.3803067021,0
2145,246388.6131705021,246388.6131705021,0
2146,85229.57200600208,85229.57200600208,0
2147,81793.72291710209,81793.72291710209,0
2148,460845.9325020821,460845.9325020821,0
2149,313148.3256876021,313148.3256876021,0
2150,447734.5447096821,447734.5447096821,0
2151,424467.9894250021,424467.9894250021,0
2153,303658.68378070206,303658.68378070206,0
2154,59282.51002470209,59282.51002470209,0
2155,565159.9820124621,565159.9820124621,0
2156,510035.8798015621,510035.8798015621,0
2157,579221.0706648821,579221.0706648821,0
2158,533913.6018041021,533913.6018041021,0
2161,102077.16885796208,102077.16885796208,0
2162,66302.35825740208,66302.35825740208,0
2163,86570.83354800209,86570.83354800209,0
2164,97528.99329686209,97528.99329686209,0
2165,79949.57113150209,79949.57113150209,0
2166,173245.0448018621,173245.0448018621,0
2167,91414.42115660208,91414.42115660208,0
2170,755.4959175,755.4959175,0
2171,2084.044774,2084.044774,0
2200,459135.7205443021,459135.7205443021,0
2201,653638.3212292821,653638.3212292821,0
2202,655968.1799505821,655968.1799505821,0
2203,657345.7447102821,657345.7447102821,0
2204,536731.4015070021,536731.4015070021,0
2205,546009.176,546009.176,0
2206,441351.7132088821,441351.7132088821,0
2207,30638.96209820209,30638.96209820209,0
2208,624307.4556926821,621903.516,2403.939688
2209,296024.4763824821,296024.4763824821,0
2210,478283.2304505821,478283.2304505821,0
2211,413861.3006832021,413861.3006832021,0
2212,530020.3564,530020.3564,0
2213,600328.4002105821,600328.4002105821,0
2214,600378.9110595821,600378.9110595821,0
2215,626018.2197163821,626018.2197163821,0
2216,367723.6084564821,367723.6084564821,0
2217,15475.10693130209,15475.10693130209,0
2218,561047.1462,561047.1462,0
2298,830491.3826,830491.3826,0
2299,438444.3624,438444.3624,0
2300,267608.2659,267608.2659,0
2301,292446.2104,292446.2104,0
2302,331177.4323,331177.4323,0
2303,131960.0635,131960.0635,0
2304,303305.88543710497,303305.88543710497,0
2305,937753.6579,937753.6579,0
2306,233142.4153,233142.4153,0
2307,1005080.039694717,1005080.039694717,0
2308,273631.6804,273631.6804,0
2309,231788.4489,231788.4489,0
2310,142787.0196,142787.0196,0
2311,870168.0448,870168.0448,0
2312,256028.408,256028.408,0
2313,223083.9914,223083.9914,0
2314,248579.9083,248579.9083,0
2315,207960.1309,207960.1309,0
2316,178004.6295,178004.6295,0
2318,110989.2688,110989.2688,0
2319,137645.0215,137645.0215,0
2320,82697.06018,82697.06018,0
2321,153538.8864,153538.8864,0
2322,176308.1,176308.1,0
2323,97043.78688,97043.78688,0
2324,75872.02332,75872.02332,0
2325,123696.2554,123696.2554,0
2328,106721.2045,106721.2045,0
2329,284064.077,284064.077,0
2330,137599.133,137599.133,0
2331,203773.187,203773.187,0
2334,112888.5749,112888.5749,0
2335,61403.65896,61403.65896,0
2336,76087.56181,76087.56181,0
2337,89248.79779527501,89248.79779527501,0
2338,98674.64349,98674.64349,0
2339,96496.97997,96496.97997,0
2340,208834.3547,208834.3547,0
2341,155958.3942,155958.3942,0
2342,204857.0763,204857.0763,0
2343,122993.5589,122993.5589,0
2346,270598.7226,270598.7226,0
2347,225173.3654,225173.3654,0
2348,179458.4704,179458.4704,0
2349,81319.192,81319.192,0
2350,167488.2189,167488.2189,0
2351,124898.0973,124898.0973,0
2352,137208.7538,137208.7538,0
2353,157651.6439,157651.6439,0
2356,267964.5692,267964.5692,0
2357,189743.0669,189743.0669,0
2358,746768.6251,744364.6854,2403.939688
2359,374495.7527,374495.7527,0
2360,367384.4564,367384.4564,0
2361,233230.1685,233230.1685,0
2362,196842.7248,196842.7248,0
2363,110614.3514,110614.3514,0
2366,81407.58683,81407.58683,0
2367,264437.6516,264437.6516,0
2368,507183.6889,507183.6889,0
2369,64510.83325,64510.83325,0
2370,750003.6259031841,750003.6259031841,0
2371,236497.8379,236497.8379,0
2372,442531.5322,442531.5322,0
2373,634428.8713,634428.8713,0
2374,93548.28125,93548.28125,0
2375,85065.56931,85065.56931,0
2376,82818.72131,82818.72131,0
2377,33594.872620530004,33594.872620530004,0
2380,199381.3218,199381.3218,0
2381,239648.4733,239648.4733,0
2382,584187.0734,584187.0734,0
2383,751211.9232,748807.9835,2403.939688
2384,843246.9497,843246.9497,0
2385,608604.4116,608604.4116,0
2386,156986.2743,156986.2743,0
2387,133808.4396,133808.4396,0
2390,655484.6208,655484.6208,0
2391,245420.8642,245420.8642,0
2392,189758.7976,189758.7976,0
2393,224775.8399,224775.8399,0
2394,226056.6309,226056.6309,0
2395,412292.4943,412292.4943,0
2396,151285.0707,151285.0707,0
2397,592683.0421,592683.0421,0
2398,131858.4663,131858.4663,0
2500,706466.0865,706466.0865,0
2501,722706.5992,722706.5992,0
2502,595157.0496,595157.0496,0
2503,872586.0803,872586.0803,0
2504,984574.3512747571,979924.9158,4649.435469
2505,759028.5863,759028.5863,0
2506,296511.2434,296511.2434,0
2507,832306.1266,832306.1266,0
2508,1046873.116986547,1046873.116986547,0
2509,929399.5047,929399.5047,0
2510,922266.5733,922266.5733,0
2511,1200125.951763957,1192443.248095457,7682.703669
2512,812920.5826,812920.5826,0
2513,815613.5923,815613.5923,0
2514,904122.2786,904122.2786,0
2515,1104783.758777727,1104783.758777727,0
2516,683553.2572,683553.2572,0
2517,698631.9883,698631.9883,0
2518,518370.24,518370.24,0
2519,709075.1623445121,709075.1623445121,0
2520,833337.517,833337.517,0
2521,658738.5624,658738.5624,0
2522,562069.1556,562069.1556,0
2523,939415.4375,931812.6930130001,7602.744446
2524,838058.6964,834132.7268,3925.969578
2525,692557.8313,692557.8313,0
2526,444762.8817,444762.8817,0
2527,157449.2673,157449.2673,0
2528,454760.2617,454760.2617,0
2529,830276.2704,830276.2704,0
2530,804382.5078,801978.5681,2403.939688
2531,573515.4147,573515.4147,0
2532,484864.9377,484864.9377,0
2533,967114.5761,963188.6065,3925.969578
2534,553483.2233,553483.2233,0
2535,913767.1444,913767.1444,0
2536,597138.7504,597138.7504,0
2537,642830.5345,642830.5345,0
2538,674898.617,674898.617,0
2539,639155.7799,639155.7799,0
2540,456695.661,456695.661,0
2541,252122.6928,252122.6928,0
2542,258009.1476,258009.1476,0
2543,809846.6998,809846.6998,0
2544,254354.8931,254354.8931,0
2545,293182.3221,293182.3221,0
2546,156367.8259,156367.8259,0
2547,156158.9547,156158.9547,0
2548,207540.1463,207540.1463,0
2549,116890.0617,116890.0617,0
2550,272646.6393,272646.6393,0
2551,586562.067,586562.067,0
2552,130901.3028,130901.3028,0
2553,160042.8824,160042.8824,0
2554,355594.3485,355594.3485,0
2555,162952.5555,162952.5555,0
2556,223189.2374,223189.2374,0
2557,384662.8057,384662.8057,0
2600,421192.1977,421192.1977,0
2601,722865.955,722865.955,0
2602,614841.9629,614841.9629,0
2603,815998.5254,809058.1399,6940.385521
2604,987337.4171,979885.3046,7452.112575
2605,840777.2779,839792.5001,984.7778491
2606,1018894.528,1011263.658,7630.870257
2607,683082.1104,683082.1104,0
2608,990573.3491,983047.7692,7525.579895
2609,604353.4587,601949.519,2403.939688
2610,748139.4068,748139.4068,0
2611,218933.1055,218933.1055,0
2612,938651.4354,937820.6018,830.833583
2613,758127.0687471901,754201.0992,3925.969578
2614,969539.7181,962087.6055,7452.112575
2615,59143.44415,59143.44415,0
2616,650085.2705,650085.2705,0
2617,114668.2351,114668.2351,0
2620,417801.0589,417801.0589,0
2621,722388.4839,722388.4839,0
2622,626952.9775,626952.9775,0
2623,651628.108,651628.108,0
2624,311694.7532,311694.7532,0
2627,955246.273,947794.1604,7452.112575
2628,707657.9979,707657.9979,0
2629,880748.2015,880748.2015,0
2630,502287.279,502287.279,0
2631,743836.8945,743836.8945,0
2632,59026.26226,59026.26226,0
2633,75236.145,75236.145,0
2636,534515.2377,534515.2377,0
2637,203593.9339,203593.9339,0
2638,276552.3717,276552.3717,0
2639,172236.7439,172236.7439,0
2640,147273.2013,147273.2013,0
2641,85964.60742,85964.60742,0
2642,87046.77723,87046.77723,0
2643,79502.37035,79502.37035,0
2646,205102.2361,205102.2361,0
2647,273979.9961,273979.9961,0
2648,651021.3563,651021.3563,0
2649,690562.516,688158.5763,2403.939688
2652,1082788.051,1076702.391,6085.659553
2653,1008205.453,1000574.583,7630.870257
2654,762316.1313,755375.7458,6940.385521
2655,367468.7038,367468.7038,0
2656,484597.3068,484597.3068,0
2657,321728.0782,321728.0782,0
2658,83513.48176,83513.48176,0
2659,55543.96743,55543.96743,0
2660,144472.593,144472.593,0
2699,1175025.303427624,1168832.661665324,6192.641762
2700,1129312.656,1123256.829,6055.827688
2701,997689.7427,985686.4872,12003.2555
2702,1417333.662762536,1411547.009896036,5786.652866
2703,918774.7075,918165.398,609.3095854
2704,1096425.966,1083670.64,12755.32664
2705,1073586.948,1060768.444,12818.50405
2706,828437.9855,828437.9855,0
2707,1042150.841,1031204.068,10946.77259
2708,615323.8096781101,615323.8096781101,0
2709,477632.1659,477632.1659,0
2710,641424.5923,641424.5923,0
2711,840126.8669,839296.0333,830.833583
2712,946685.5869,937190.6859,9494.901039
2713,768744.2093805401,761803.8239,6940.385521
2716,647476.4118,647476.4118,0
2717,539322.6285,539322.6285,0
2718,490734.4877,490734.4877,0
2719,709040.3244,709040.3244,0
2720,581001.8578,578597.9181,2403.939688
2721,315997.6819,315997.6819,0
2722,636172.2186,636172.2186,0
2723,957053.3561,946962.7421,10090.61393
2724,631732.5425,631732.5425,0
2725,943284.6694,933194.0555,10090.61393
2728,922514.6119,916635.021,5879.590868
2729,980359.709,979750.3994,609.3095854
2730,601630.1891,601630.1891,0
2731,648416.3996,648416.3996,0
2732,720654.6242,720654.6242,0
2733,351169.754,351169.754,0
2736,982537.3434,974259.376,8277.967367
2737,675373.7426,675373.7426,0
2738,739607.0665,738883.6006,723.465891
2739,282959.4393,282959.4393,0
2740,676231.4874,676231.4874,0
2741,370071.9617,370071.9617,0
2744,865820.7004,865820.7004,0
2745,797354.8361,797354.8361,0
2746,579726.424,579726.424,0
2747,396881.8855,396881.8855,0
2748,249568.429,249568.429,0
2749,148498.0189,148498.0189,0
2750,135776.1001,135776.1001,0
2753,199016.74577721002,199016.74577721002,0
2754,202766.9167,202766.9167,0
2755,617978.6801,617978.6801,0
2756,454643.239,454643.239,0
2757,336292.2551,336292.2551,0
2758,181991.7062,181991.7062,0
2761,985464.7447,981474.2927,3990.451996
2762,718436.2374,713786.8019,4649.435469
2763,780506.6041,780506.6041,0
2764,990743.3912,981248.4902,9494.901039
2765,863417.0495,862586.2159,830.833583
2766,887074.571,880387.555,6687.015986
2767,590223.7333,590223.7333,0
2768,914669.2917,906631.1225430301,8038.169174
2769,534253.8895,531849.9498,2403.939688
2772,103167.9935,103167.9935,0
2773,90155.64617944001,90155.64617944001,0
2774,104915.7319,104915.7319,0
2775,79211.37544,79211.37544,0
2776,86578.71359,86578.71359,0
2800,9788.398894,9788.398894,0
2801,9738.37466,9738.37466,0
2802,86432.50018,86432.50018,0
2803,11976.80174,11976.80174,0
2804,11766.47509,11766.47509,0
2805,10618.71651,10618.71651,0
2806,28929.953,28929.953,0
2807,59461.47534,59461.47534,0
2808,16102.15173,16102.15173,0
2811,1361.8676143000002,1361.8676143000002,0
2812,12328.90717,12328.90717,0
2813,146.6724568,146.6724568,0
2816,17416.13479,17416.13479,0
2817,56982.41229,56982.41229,0
2818,50352.67157,50352.67157,0
2819,89018.74536,89018.74536,0
2822,324.1058791,324.1058791,0
2823,117527.1189,117527.1189,0
2824,85456.07357,85456.07357,0
2825,12122.4437,12122.4437,0
2826,100145.7999,100145.7999,0
2827,99617.51786,99617.51786,0
2828,103195.5406,103195.5406,0
2829,2082.458465,2082.458465,0
2830,16107.839041399999,16107.839041399999,0
2831,2519.860954,2519.860954,0
2834,56234.69946,56234.69946,0
2835,153529.2263,153529.2263,0
2836,55368.948620510004,55368.948620510004,0
2837,52380.45173,52380.45173,0
2838,65791.76296,65791.76296,0
2839,351392.6816,351392.6816,0
2840,703417.3118,703417.3118,0
2841,73124.52335,73124.52335,0
2844,24.70804902,24.70804902,0
2845,76.38164877,76.38164877,0
2848,68248.35137,68248.35137,0
2849,128198.9026,128198.9026,0
2850,102195.1822,102195.1822,0
2851,100438.0904,100438.0904,0
2852,582758.0523,580354.1126,2403.939688
2853,95806.14645,95806.14645,0
2854,337141.9153,337141.9153,0
2855,134312.3711,134312.3711,0
2856,84140.48086,84140.48086,0
2857,253573.2281,253573.2281,0
2895,3101.8327765999998,3101.8327765999998,0
2896,69722.51739,69722.51739,0
2897,51154.98828,51154.98828,0
2898,62117.45829,62117.45829,0
2899,76246.93829,76246.93829,0
2900,100125.9716,100125.9716,0
2901,70983.01809,70983.01809,0
2902,102257.3187,102257.3187,0
2903,88898.00288,88898.00288,0
2904,114591.0351,114591.0351,0
2905,96883.3627,96883.3627,0
2906,70298.99936,70298.99936,0
2907,58635.35853,58635.35853,0
2908,57561.82939,57561.82939,0
2909,58371.41672,58371.41672,0
2910,47249.61423,47249.61423,0
2913,25217.743053500002,25217.743053500002,0
2914,72730.38524,72730.38524,0
2915,58384.6669,58384.6669,0
2916,80068.63561,80068.63561,0
2917,71128.00667,71128.00667,0
2918,74419.81382,74419.81382,0
2919,101608.1041,101608.1041,0
2920,68855.54723,68855.54723,0
2921,35892.5605,35892.5605,0
2922,39811.55042,39811.55042,0
2923,447.9825291,447.9825291,0
2924,447.9825291,447.9825291,0
2927,121374.8956,121374.8956,0
2928,184324.769,184324.769,0
2929,63546.55211,63546.55211,0
2930,33134.24376,33134.24376,0
2931,37907.49166,37907.49166,0
2932,93092.48824,93092.48824,0
2934,80003.8672,80003.8672,0
2935,88469.40261,88469.40261,0
2936,147447.0805,147447.0805,0
2937,108691.1426,108691.1426,0
2938,84142.40366,84142.40366,0
2939,93625.51786,93625.51786,0
2940,65143.59893,65143.59893,0
2943,100571.3746,100571.3746,0
2944,80806.42245920999,80806.42245920999,0
2945,48171.78034,48171.78034,0
2946,60682.52106,60682.52106,0
2947,72431.54273,72431.54273,0
2948,67111.51553,67111.51553,0
2949,68365.69183,68365.69183,0
3000,812.1140136,812.1140136,0
3001,693.2713632,693.2713632,0
3002,197.3527728,197.3527728,0
3003,140.1087771,140.1087771,0
3004,78.21740112,78.21740112,0
3005,391.0864109,391.0864109,0
3006,232.3273929,232.3273929,0
3007,2955.7543416999997,2955.7543416999997,0
3008,226.9551137,226.9551137,0
3009,1181.443741,1181.443741,0
3010,172.3741644,172.3741644,0
3011,470.904942,470.904942,0
3012,142.7458282,142.7458282,0
3013,2703.074812,2703.074812,0
3014,70.4392519,70.4392519,0
3015,552.9651472,552.9651472,0
3016,1510.365919,1510.365919,0
3017,2063.3310659000003,2063.3310659000003,0
3018,212.0823414,212.0823414,0
3019,706.5524710000001,706.5524710000001,0
3022,536.8016961,536.8016961,0
3023,901.9288435,901.9288435,0
3024,126.701625,126.701625,0
3025,107.872614,107.872614,0
3100,4274.2650201999995,4274.2650201999995,0
3101,38224.11418,38224.11418,0
3102,35378.37446,35378.37446,0
3103,34277.26054,34277.26054,0
3104,8755.907792,8755.907792,0
3105,9717.502151,9717.502151,0
3106,8431.662895,8431.662895,0
3108,23863.41913,23863.41913,0
3109,25402.557,25402.557,0
3111,25430.72978,25430.72978,0
3112,35538.16018,35538.16018,0
3113,6040.557796,6040.557796,0
3114,44230.51263,44230.51263,0
3115,37778.29447,37778.29447,0
3116,35610.50688,35610.50688,0
3117,36792.57708,36792.57708,0
3120,30773.50503,30773.50503,0
3121,40049.10882,40049.10882,0
3122,54758.36233,54758.36233,0
3123,35075.6813,35075.6813,0
3124,42069.26629,42069.26629,0
3125,40885.72891,40885.72891,0
3126,29065.39234,29065.39234,0
3127,15286.31124,15286.31124,0
3128,9997.235792,9997.235792,0
3129,13957.20311,13957.20311,0
3130,22432.70357,22432.70357,0
3131,5502.8343888399995,5502.8343888399995,0
3200,44126.84861,44126.84861,0
3201,37260.84687,37260.84687,0
3202,51288.33212,51288.33212,0
3203,36880.14964,36880.14964,0
3204,31452.04456,31452.04456,0
3205,12605.34308,12605.34308,0
3206,18682.275693030002,18682.275693030002,0
3207,8361.382737,8361.382737,0
3208,159.4864612,159.4864612,0
3209,54313.68731,54313.68731,0
3210,66988.57849,66988.57849,0
3211,56204.768823123995,56204.768823123995,0
3212,64956.56145,64956.56145,0
3213,51588.34157,51588.34157,0
3214,51591.72255,51591.72255,0
3215,82161.8094,82161.8094,0
3216,51239.69027,51239.69027,0
3217,41730.4013,41730.4013,0
3218,41856.18861,41856.18861,0
3219,51508.01239,51508.01239,0
3220,83394.02214,83394.02214,0
3221,72790.42014,72790.42014,0
3222,71941.73607,71941.73607,0
3224,923.0173050000001,923.0173050000001,0
3225,33562.51422,33562.51422,0
3226,33959.01149,33959.01149,0
3227,40619.19642,40619.19642,0
3228,41812.49543,41812.49543,0
3229,4468.202606299999,4468.202606299999,0
3230,44491.00768,44491.00768,0
3231,45047.58518,45047.58518,0
3232,24081.82907,24081.82907,0
3238,152.3291581,152.3291581,0
3239,225310.0831,225310.0831,0
3240,26323.37528,26323.37528,0
3241,60538.50444,60538.50444,0
3242,48492.29785,48492.29785,0
3243,3291.099391,3291.099391,0
3244,27613.23645,27613.23645,0
3245,249.9285115,249.9285115,0
3246,49200.93361,49200.93361,0
3247,123912.1597,123912.1597,0
3248,80968.75291,80968.75291,0
3249,49248.45223,49248.45223,0
3250,11728.39448,11728.39448,0
3251,61227.79311,61227.79311,0
3252,40096.03331,40096.03331,0
3253,43178.56773,43178.56773,0
3269,56168.75777,56168.75777,0
3270,1143.570072,1143.570072,0
3271,59064.21529,59064.21529,0
3272,48385.59898,48385.59898,0
3273,22520.44911,22520.44911,0
3274,31892.93492,31892.93492,0
3277,16423.65006,16423.65006,0
3278,48893.73397,48893.73397,0
3279,192016.3862,192016.3862,0
3280,79707.52239,79707.52239,0
3281,111162.733,111162.733,0
3282,81075.60124,81075.60124,0
3283,74933.91512,74933.91512,0
3284,16121.30355,16121.30355,0
3287,43356.5932,43356.5932,0
3288,45734.42844,45734.42844,0
3289,82618.27822,82618.27822,0
3290,64674.5033,64674.5033,0
3291,48678.48862,48678.48862,0
3292,50188.62228,50188.62228,0
3293,37649.66132,37649.66132,0
3294,53960.47521,53960.47521,0
3295,49596.0668,49596.0668,0
3298,27652.3481,27652.3481,0
3299,42853.36822,42853.36822,0
3300,212.3415914,212.3415914,0
3301,20678.52043,20678.52043,0
3302,31078.289223929998,31078.289223929998,0
3303,39383.98771,39383.98771,0
3304,18299.77215,18299.77215,0
3305,74.51162139,74.51162139,0
3306,22679.85896,22679.85896,0
3307,1119.337675,1119.337675,0
3400,129625.4795137057,129625.4795137057,0
3401,94425.19989,94425.19989,0
3402,115380.0763031957,115380.0763031957,0
3403,109939.3401332657,109939.3401332657,0
3404,136709.4417270747,136709.4417270747,0
3405,100951.6456297447,100951.6456297447,0
3408,33453.032372530695,33453.032372530695,0
3409,94727.07717,94727.07717,0
3410,152843.1704982557,152843.1704982557,0
3411,100669.2386842057,100669.2386842057,0
3412,56292.682513650696,56292.682513650696,0
3413,92234.1569,92234.1569,0
3416,286877.5072270747,286877.5072270747,0
3417,198052.1201,198052.1201,0
3418,238079.80610900398,238079.80610900398,0
3419,131962.5827,131962.5827,0
3420,393577.4426847747,393577.4426847747,0
3421,81046.89697,81046.89697,0
3422,176913.0575,176913.0575,0
3423,72213.40832,72213.40832,0
3424,136703.6928,136703.6928,0
3425,65456.6904,65456.6904,0
3426,29631.69633,29631.69633,0
3429,101357.4330156547,101357.4330156547,0
3430,90938.62564,90938.62564,0
3431,91973.36089,91973.36089,0
3432,61501.26966,61501.26966,0
3433,81258.62375,81258.62375,0
3434,111162.7106,111162.7106,0
3437,62697.90267,62697.90267,0
3438,173296.1452035247,173296.1452035247,0
3439,171562.5490779347,171562.5490779347,0
3440,161080.2893363947,161080.2893363947,0
3441,192394.7354483247,192394.7354483247,0
3442,340117.0254516247,340117.0254516247,0
3443,307418.6550280247,307418.6550280247,0
3444,115976.8977,115976.8977,0
3447,90327.48014081569,90327.48014081569,0
3448,89811.0225,89811.0225,0
3449,80113.91347,80113.91347,0
3450,106342.1803180657,106342.1803180657,0
3453,169485.3279097047,169485.3279097047,0
3454,271391.1563106747,271391.1563106747,0
3455,228877.9841574047,228877.9841574047,0
3456,416683.1682657347,416683.1682657347,0
3457,278631.9315240247,278631.9315240247,0
3458,178960.18252032468,178960.18252032468,0
3459,243036.5201328747,243036.5201328747,0
3460,169277.7981470247,169277.7981470247,0
3463,84220.88848,84220.88848,0
3464,162370.7964222047,162370.7964222047,0
3465,98455.54175201569,98455.54175201569,0
3466,139112.8140785447,139112.8140785447,0
3467,118923.0618939357,118923.0618939357,0
3468,145555.6044457647,145555.6044457647,0
3471,164122.4262686957,164122.4262686957,0
3472,69356.35642,69356.35642,0
3473,132105.2162822257,132105.2162822257,0
3474,103510.4081081557,103510.4081081557,0
3477,2544.53106,2544.53106,0
3478,2544.53106,2544.53106,0
3479,421.4942784,421.4942784,0
3480,53119.69273,53119.69273,0
3481,2351.395237,2351.395237,0
3482,735.9067575,735.9067575,0
3483,2618.131659,2618.131659,0
3484,914.5098991,914.5098991,0
3485,306.9736872,306.9736872,0
3487,127583.54715286569,127583.54715286569,0
3488,103640.9407294257,103640.9407294257,0
3489,140601.3590892457,140601.3590892457,0
3490,135231.6347367457,135231.6347367457,0
3491,112989.5834263857,112989.5834263857,0
3492,118468.28047978469,118468.28047978469,0
3493,92762.26676,92762.26676,0
3494,121507.3743945647,121507.3743945647,0
3497,123008.9311183957,123008.9311183957,0
3498,51377.017648885696,51377.017648885696,0
3499,132775.5285901957,132775.5285901957,0
3500,104926.6461213557,104926.6461213557,0
3503,161055.87681121568,161055.87681121568,0
3504,83884.88020248491,83884.88020248491,0
3505,152925.1157225307,152925.1157225307,0
3594,805.9055175,805.9055175,0
3595,6785.314299,6785.314299,0
3596,33728.99962,33728.99962,0
3597,10018.05087,10018.05087,0
3598,418.21288159100004,418.21288159100004,0
3599,964.3168614,964.3168614,0
3600,92006.71992,92006.71992,0
3601,102155.5042206857,102155.5042206857,0
3602,94926.94133,94926.94133,0
3603,69484.35869,69484.35869,0
3604,94859.98661,94859.98661,0
3607,1045.995646,1045.995646,0
3608,263.4935698,263.4935698,0
3609,398.2583374,398.2583374,0
3610,24.17143609,24.17143609,0
3611,2512.83315,2512.83315,0
3612,178.0738748,178.0738748,0
3613,1088.024859,1088.024859,0
3614,1958.430166,1958.430166,0
3615,312.38750777999996,312.38750777999996,0
3616,3591.2922915199997,3591.2922915199997,0
3617,342.818438,342.818438,0
3618,140.852052,140.852052,0
3619,1137.207022,1137.207022,0
3620,1042.04559,1042.04559,0
3621,4584.713199,4584.713199,0
3622,663.3789745,663.3789745,0
3623,140.852052,140.852052,0
3624,6124.471053,6124.471053,0
3625,294.0784524,294.0784524,0
3626,197.4151356,197.4151356,0
3627,4373.949348,4373.949348,0
3628,679.2802582,679.2802582,0
3629,400.1943738,400.1943738,0
3630,10666.243755133999,10666.243755133999,0
3631,552.7024345,552.7024345,0
3632,878.4419172,878.4419172,0
3633,1700.949408,1700.949408,0
3634,48950.65647,48950.65647,0
3635,2.844175664,2.844175664,0
3636,178.0738748,178.0738748,0
3650,487.0192078,487.0192078,0
3651,395.7029057,395.7029057,0
3652,330.4452759,330.4452759,0
3653,668.3420501,668.3420501,0
3654,458.2886978,458.2886978,0
3655,16187.76345,16187.76345,0
3656,3327.770431,3327.770431,0
3657,242.0105276,242.0105276,0
3658,37557.64149,37557.64149,0
3659,136.3743656,136.3743656,0
3660,1579.52985,1579.52985,0
3661,230.4969382,230.4969382,0
3662,702.0472635,702.0472635,0
3663,729.9171629,729.9171629,0
3664,622.249661,622.249661,0
3665,394.9183561,394.9183561,0
3666,7749.614189,7749.614189,0
3667,41.838780760000006,41.838780760000006,0
3668,60.18612661,60.18612661,0
3669,243.4175928,243.4175928,0
3670,4903.829921,4903.829921,0
3671,140.33181224999998,140.33181224999998,0
3672,313.72084454000003,313.72084454000003,0
3673,6179.667531,6179.667531,0
3674,108.9983649,108.9983649,0
3675,2205.615473,2205.615473,0
3676,9387.771046,9387.771046,0
3677,230.4969382,230.4969382,0
3678,1417.514308,1417.514308,0
3679,14402.36123,14402.36123,0
3680,6621.017883,6621.017883,0
3681,5368.643884,5368.643884,0
3682,286.2316358,286.2316358,0
3683,6044.348796,6044.348796,0
3684,15119.481376579999,15119.481376579999,0
3685,20298.98257,20298.98257,0
3686,10636.05848,10636.05848,0
3687,5343.33253,5343.33253,0
3688,199.0197091,199.0197091,0
3689,15193.975842209999,15193.975842209999,0
3690,14699.11467,14699.11467,0
3691,23400.3416,23400.3416,0
3692,48733.73894,48733.73894,0
3693,44690.466152709996,44690.466152709996,0
3694,42944.92926,42944.92926,0
3708,19154.72068,19154.72068,0
3709,25936.80699,25936.80699,0
3710,80442.65642,80442.65642,0
3711,120012.5315361557,120012.5315361557,0
3712,42803.74775,42803.74775,0
3713,79780.72952074569,79780.72952074569,0
3714,115039.8009362657,115039.8009362657,0
3715,81595.08628,81595.08628,0
3716,78874.39257,78874.39257,0
3717,50881.55655,50881.55655,0
3718,96848.03917,96848.03917,0
3723,51238.10463,51238.10463,0
3724,7143.388403,7143.388403,0
3725,41534.40579,41534.40579,0
3726,55761.42306,55761.42306,0
3727,44338.56897,44338.56897,0
3728,48088.13548,48088.13548,0
3729,40310.13036,40310.13036,0
3730,5410.90079,5410.90079,0
3731,53248.20039,53248.20039,0
3732,61884.57851,61884.57851,0
3800,85200.09179,85200.09179,0
3801,142324.092,142324.092,0
3802,66861.95513,66861.95513,0
3803,63258.768580913995,63258.768580913995,0
3804,67779.27076,67779.27076,0
3805,58288.56832,58288.56832,0
3808,31166.14105,31166.14105,0
3809,76043.03576,76043.03576,0
3810,87355.91402,87355.91402,0
3811,135928.3669,135928.3669,0
3812,123085.1368,123085.1368,0
3813,142775.7136,142775.7136,0
3814,116601.1451,116601.1451,0
3815,140683.6974,140683.6974,0
3816,58738.49967,58738.49967,0
3817,44401.15789,44401.15789,0
3818,65960.9478,65960.9478,0
3819,61623.177372914004,61623.177372914004,0
3822,64648.230051814004,64648.230051814004,0
3823,48844.1866,48844.1866,0
3824,16392.95562,16392.95562,0
3825,58398.05207,58398.05207,0
3826,64316.90942,64316.90942,0
3827,339867.5833,339867.5833,0
3828,49101.029226454004,49101.029226454004,0
3829,441.0591706,441.0591706,0
3831,223231.945,223231.945,0
3832,208715.5415,208715.5415,0
3833,86145.08847,86145.08847,0
3834,68717.48185,68717.48185,0
3835,129539.1505,129539.1505,0
3836,88142.24322,88142.24322,0
3837,309867.9586,309867.9586,0
3838,164695.0856,164695.0856,0
3839,249974.971,249974.971,0
3840,159424.6827,159424.6827,0
3841,278036.2262,278036.2262,0
3842,136563.3314,136563.3314,0
3843,323163.5297256247,323163.5297256247,0
3844,125953.5812,125953.5812,0
3845,218913.8914,218913.8914,0
3846,111723.8995,111723.8995,0
3847,123796.58,123796.58,0
3848,412950.9488031247,412950.9488031247,0
3849,66457.83035,66457.83035,0
3850,120002.6503480047,120002.6503480047,0
3851,138897.90596936469,138897.90596936469,0
3852,87710.60549,87710.60549,0
3853,74260.34698,74260.34698,0
3854,45130.93808,45130.93808,0
3855,63548.7835,63548.7835,0
3856,70730.93763,70730.93763,0
3857,68297.78903,68297.78903,0
3858,59423.36667,59423.36667,0
3859,70319.05982,70319.05982,0
3860,48368.76879,48368.76879,0
3861,66995.77167,66995.77167,0
3862,48556.53221,48556.53221,0
3863,84277.05689,84277.05689,0
3864,41963.98568,41963.98568,0
3865,61280.375222004004,61280.375222004004,0
3866,269180.7241494147,269180.7241494147,0
3867,227192.1858,227192.1858,0
3868,216172.692,216172.692,0
3869,141640.2042,141640.2042,0
3870,135336.7617,135336.7617,0
3875,82990.51025,82990.51025,0
3900,241606.2462,241606.2462,0
3901,197720.4322,197720.4322,0
3902,316328.594,316328.594,0
3903,356563.0406,356563.0406,0
3905,134357.7155,134357.7155,0
3906,320740.0715,320740.0715,0
3907,109840.0919,109840.0919,0
3908,80638.70533,80638.70533,0
3909,161747.8886,161747.8886,0
3910,163917.1552,163917.1552,0
3911,77729.49124,77729.49124,0
3912,105384.581,105384.581,0
3913,342134.5106,342134.5106,0
3914,164149.1814,164149.1814,0
3915,136890.7312,136890.7312,0
3916,198070.1336,198070.1336,0
3917,198881.2995,198881.2995,0
3918,84760.93803,84760.93803,0
3919,58229.51546,58229.51546,0
3920,87163.49265,87163.49265,0
3921,70614.70715,70614.70715,0
3922,126391.3301,126391.3301,0
3923,101759.6559,101759.6559,0
3924,144570.6541,144570.6541,0
3925,59700.43034,59700.43034,0
3926,117893.2465,117893.2465,0
3927,256729.5964,256729.5964,0
3928,129244.8848,129244.8848,0
3929,104118.9243,104118.9243,0
3930,147578.9205,147578.9205,0
3931,4400.615653,4400.615653,0
3933,22224.69174,22224.69174,0
3934,30338.81882,30338.81882,0
3935,7993.93245,7993.93245,0
3936,192.4812353,192.4812353,0
3937,58105.71001,58105.71001,0
3938,21317.51382,21317.51382,0
3939,84560.79424638199,84560.79424638199,0
3940,52864.70539,52864.70539,0
3941,30725.83884,30725.83884,0
3942,1768.628345,1768.628345,0
3943,49732.1066,49732.1066,0
3944,79683.34541,79683.34541,0
3945,4114.834333055001,4114.834333055001,0
3946,39391.74396,39391.74396,0
3947,956.7023762,956.7023762,0
3948,201792.1205,201792.1205,0
3949,82052.02086084199,82052.02086084199,0
3950,2391.879162,2391.879162,0
3951,4621.008133,4621.008133,0
3952,118583.8839,118583.8839,0
3953,96245.82803,96245.82803,0
3954,3736.364124,3736.364124,0
3955,32382.26601,32382.26601,0
3956,15822.67222,15822.67222,0
3957,75280.78435,75280.78435,0
3958,155045.432,155045.432,0
3959,75548.82324,75548.82324,0
3960,68665.68986,68665.68986,0
3961,6242.151767,6242.151767,0
3962,74335.33436,74335.33436,0
3963,102131.9128,102131.9128,0
3964,36256.29869,36256.29869,0
3965,1495.248655,1495.248655,0
3966,744.7403796,744.7403796,0
3967,36.99646013,36.99646013,0
3968,18061.56633,18061.56633,0
3969,331.8118051,331.8118051,0
3970,25663.31303,25663.31303,0
3971,52977.594337197996,52977.594337197996,0
3972,132692.6963,132692.6963,0
3973,142251.177,142251.177,0
3974,42440.18147,42440.18147,0
4000,55518.12693,55518.12693,0
4001,41788.00549,41788.00549,0
4002,53416.42425,53416.42425,0
4003,59483.17941,59483.17941,0
4004,52397.60739,52397.60739,0
4005,75051.41139,75051.41139,0
4008,98862.05311,98862.05311,0
4009,48223.16388,48223.16388,0
4010,58475.42887,58475.42887,0
4011,39646.80522,39646.80522,0
4012,36884.48071,36884.48071,0
4015,47212.27176,47212.27176,0
4016,47912.63315,47912.63315,0
4017,45107.09583,45107.09583,0
4018,48725.80771,48725.80771,0
4019,73400.04024,73400.04024,0
4020,50077.61031,50077.61031,0
4021,62970.39352,62970.39352,0
4024,23334.74479,23334.74479,0
4025,6384.883715,6384.883715,0
4026,31285.08483,31285.08483,0
4027,48193.94388,48193.94388,0
4028,60151.60891,60151.60891,0
4029,67775.46225,67775.46225,0
4032,99332.03318,99332.03318,0
4033,48491.00495,48491.00495,0
4034,91678.68501,91678.68501,0
4035,181367.7975,181367.7975,0
4036,96390.18793,96390.18793,0
4037,258184.7438,258184.7438,0
4038,176683.06257819998,176683.06257819998,0
4039,97198.27387,97198.27387,0
4040,198049.4517,198049.4517,0
4043,42802.90051,42802.90051,0
4044,94055.77968,94055.77968,0
4045,44217.12019,44217.12019,0
4046,13654.40722,13654.40722,0
4047,10885.928820704909,10885.928820704909,0
4048,134901.7011,134901.7011,0
4049,156891.3419,156891.3419,0
4050,21154.54241,21154.54241,0
4051,234270.0987,234270.0987,0
4052,282722.9165,282722.9165,0
4053,105501.9526,105501.9526,0
4054,170807.302,170807.302,0
4055,34588.2508,34588.2508,0
4056,91523.43666,91523.43666,0
4057,66446.84602,66446.84602,0
4058,44604.31442,44604.31442,0
4059,55877.63806,55877.63806,0
4060,51900.78794,51900.78794,0
4100,107480.7636,107480.7636,0
4101,199345.979,199345.979,0
4102,207156.6603,207156.6603,0
4103,241806.5621,241806.5621,0
4104,275340.5401,275340.5401,0
4105,999372.2676533837,999372.2676533837,0
4106,321663.0752466257,321663.0752466257,0
4107,955875.8395005336,955875.8395005336,0
4108,378580.2466076957,378580.2466076957,0
4109,540878.4568665557,540878.4568665557,0
4110,260579.3083904157,260579.3083904157,0
4111,682138.5461055537,682138.5461055537,0
4112,591986.5268615987,591986.5268615987,0
4113,61137.4196,61137.4196,0
4114,91919.23996,91919.23996,0
4115,225985.8143,225985.8143,0
4116,165477.972,165477.972,0
4117,153073.7418,153073.7418,0
4118,293192.4545,293192.4545,0
4119,222484.09038102502,222484.09038102502,0
4120,203885.0952,203885.0952,0
4121,187280.3273,187280.3273,0
4122,317699.3441851457,317699.3441851457,0
4123,171345.1628,171345.1628,0
4124,100542.7953,100542.7953,0
4125,190399.2207578807,190399.2207578807,0
4126,121295.6887,121295.6887,0
4127,69249.32244,69249.32244,0
4128,128480.4908639207,128480.4908639207,0
4129,89565.66252,89565.66252,0
4132,62261.11364,62261.11364,0
4133,95475.82138,95475.82138,0
4134,260501.6915,260501.6915,0
4135,43716.10287,43716.10287,0
4136,202678.1997,202678.1997,0
4137,77875.68989,77875.68989,0
4138,67668.89516,67668.89516,0
4140,189507.8871,189507.8871,0
4141,188279.7975,188279.7975,0
4142,235350.313,235350.313,0
4143,215924.1733,215924.1733,0
4144,189363.9857,189363.9857,0
4145,394123.9483,394123.9483,0
4146,444805.8172,444805.8172,0
4147,199498.2541,199498.2541,0
4148,587478.5323,587478.5323,0
4149,258218.5617,258218.5617,0
4150,661159.0083615377,661159.0083615377,0
4151,334896.1891,334896.1891,0
4154,344049.9843704457,344049.9843704457,0
4155,490567.3649812357,490567.3649812357,0
4156,157289.2272761107,157289.2272761107,0
4157,383143.7842,383143.7842,0
4158,213963.4841039407,213963.4841039407,0
4159,158926.4048489207,158926.4048489207,0
4160,42394.3406,42394.3406,0
4161,177438.0300656107,177438.0300656107,0
4162,175134.3416296007,175134.3416296007,0
4163,6050.707600199999,6050.707600199999,0
4200,330.704294,330.704294,0
4201,93.72798057,93.72798057,0
4205,410.2356743,410.2356743,0
4206,362.5689864,362.5689864,0
4207,431.0355305,431.0355305,0
4208,357.9583391,357.9583391,0
4209,4816.356003,4816.356003,0
4210,371.7434841,371.7434841,0
4211,5224.298196,5224.298196,0
4212,4816.356003,4816.356003,0
4213,735.2104648,735.2104648,0
4214,4991.391883,4991.391883,0
4300,529.7817217,529.7817217,0
4301,297.0253067,297.0253067,0
4302,1076.121259,1076.121259,0
4303,214.7084827,214.7084827,0
4304,730.0720075,730.0720075,0
4305,445.55026,445.55026,0
4306,381.4356276,381.4356276,0
4307,437.9096486,437.9096486,0
4308,3059.779874,3059.779874,0
4309,712.6451055,712.6451055,0
4310,175614.8341,175614.8341,0
4311,10682.926397057001,10682.926397057001,0
4312,156221.2659,156221.2659,0
4315,136.9400243,136.9400243,0
4316,604.5212414,604.5212414,0
4317,1231.822668,1231.822668,0
4400,4884.083174,4884.083174,0
4401,321.7207296,321.7207296,0
4402,189.4707995,189.4707995,0
4403,486.12950309999997,486.12950309999997,0
4404,12003.66423,12003.66423,0
4405,4646.227248,4646.227248,0
4406,57324.63001,57324.63001,0
4407,19392.341789564998,19392.341789564998,0
4408,9927.74514,9927.74514,0
4423,4438.796431,4438.796431,0
4424,20635.39834,20635.39834,0
4425,2183.015322,2183.015322,0
4426,7387.502738,7387.502738,0
4427,1885.332984,1885.332984,0
4428,12154.91162,12154.91162,0
4429,35394.36479,35394.36479,0
4430,35490.09954,35490.09954,0
4431,19192.47842,19192.47842,0
4432,61266.53411,61266.53411,0
4433,115094.8004,115094.8004,0
4434,56936.49962,56936.49962,0
4435,104499.6581,104499.6581,0
4436,163853.3037,163853.3037,0
4437,98454.79647,98454.79647,0
4438,259821.0097,259821.0097,0
4439,74026.08122,74026.08122,0
4440,93641.40655936999,93641.40655936999,0
4441,147049.8091,147049.8091,0
4442,111951.5977,111951.5977,0
4443,52314.406388122996,52314.406388122996,0
4444,377418.4511,377418.4511,0
4445,237167.7,237167.7,0
4446,377377.1989,377377.1989,0
4447,339372.5535,339372.5535,0
4448,495290.5008,495290.5008,0
4449,62110.29385,62110.29385,0
4499,871014.419,871014.419,0
4500,548496.5509,548496.5509,0
4501,340323.9929,340323.9929,0
4502,761416.5555,761416.5555,0
4503,389830.1396,389830.1396,0
4504,252421.3314,252421.3314,0
4505,841541.4887,841541.4887,0
4506,477022.0763,477022.0763,0
4507,281137.3178,281137.3178,0
4508,409454.1134,409454.1134,0
4509,361102.18,361102.18,0
4511,343236.6133,343236.6133,0
4512,93475.64291,93475.64291,0
4513,201644.1008,201644.1008,0
4514,678562.8923,678562.8923,0
4515,574889.547,574889.547,0
4516,495843.9865,495843.9865,0
4517,461884.5189,461884.5189,0
4518,262480.107,262480.107,0
4519,226169.877,226169.877,0
4520,341987.4666,341987.4666,0
4521,217921.7742,217921.7742,0
4522,261862.423,261862.423,0
4523,255528.2299,255528.2299,0
4524,202581.7143,202581.7143,0
4525,278938.5402,278938.5402,0
4526,611537.7601,611537.7601,0
4527,561801.617,561801.617,0
4528,84806.46938,84806.46938,0
4529,109919.6004,109919.6004,0
4530,398156.3966,398156.3966,0
4531,322649.3296,322649.3296,0
4532,567653.8824,567653.8824,0
4533,963045.366,963045.366,0
4534,256362.4217,256362.4217,0
4535,541188.3072,541188.3072,0
4536,754472.4186,754472.4186,0
4537,404433.0581,404433.0581,0
4538,456701.311,456701.311,0
4539,292520.5695,292520.5695,0
4540,453534.5656,453534.5656,0
4541,155689.2589,155689.2589,0
4542,293300.6952,293300.6952,0
4543,881600.1397,881600.1397,0
4544,555593.3638,555593.3638,0
4545,259903.8707,259903.8707,0
4546,339965.3241,339965.3241,0
4547,369113.7734,369113.7734,0
4548,419703.0631,419703.0631,0
4549,278568.653,278568.653,0
4550,547994.0631,547994.0631,0
4551,487674.6936,487674.6936,0
4552,242553.9456,242553.9456,0
4553,748111.7047,748111.7047,0
4554,364183.5581,364183.5581,0
4555,534184.2935,534184.2935,0
4556,55156.59914,55156.59914,0
4557,36903.26029,36903.26029,0
4558,65433.83883,65433.83883,0
4559,503142.5032,503142.5032,0
4560,407121.3314,407121.3314,0
4561,94762.28948,94762.28948,0
4562,94191.47731,94191.47731,0
4563,98728.46635,98728.46635,0
4564,145183.4979,145183.4979,0
4565,324252.2825,324252.2825,0
4566,99336.72559,99336.72559,0
4567,169778.4166,169778.4166,0
4568,152899.0938,152899.0938,0
4569,142646.2922,142646.2922,0
4570,171639.0096,171639.0096,0
4571,534296.4235,534296.4235,0
4572,78483.06379,78483.06379,0
4573,796632.8658,796632.8658,0
4574,889799.703,889799.703,0
4575,712754.106,712754.106,0
4576,176349.0188,176349.0188,0
4577,304858.8365,304858.8365,0
4578,302729.828,302729.828,0
4579,724669.4401476519,724669.4401476519,0
4580,207484.3731,207484.3731,0
4581,386161.6702,386161.6702,0
4582,585916.8326,585916.8326,0
4583,241067.6361,241067.6361,0
4584,599389.5307,599389.5307,0
4585,167894.8853,167894.8853,0
4600,11.63821448,11.63821448,0
4601,293.3818963,293.3818963,0
4602,231.4195812,231.4195812,0
4603,892.3219554,892.3219554,0
4606,2687.172118,2687.172118,0
4607,3113.037604,3113.037604,0
4608,3663.851485,3663.851485,0
4609,5236.783017,5236.783017,0
4610,4570.539506,4570.539506,0
4611,4675.884996,4675.884996,0
4612,69558.72583,69558.72583,0
4613,29340.42406,29340.42406,0
4616,5.606710298,5.606710298,0
4618,4.9458e-06,4.9458e-06,0
4621,1767.02003,1767.02003,0
4622,4500.749481,4500.749481,0
4623,2095.984086,2095.984086,0
4624,7520.042822400001,7520.042822400001,0
4625,5344.460255,5344.460255,0
4626,5344.460255,5344.460255,0
4629,1680.512757,1680.512757,0
4630,3895.284577,3895.284577,0
4631,7707.436243550001,7707.436243550001,0
4632,966.341236,966.341236,0
4633,2157.017932,2157.017932,0
4636,1684.8115477000001,1684.8115477000001,0
4637,1180.485484,1180.485484,0
4638,206.0310202,206.0310202,0
4639,785.815781,785.815781,0
4640,6806.334081,6806.334081,0
4641,5449.783236,5449.783236,0
4642,3013.909686,3013.909686,0
4643,1082.977765,1082.977765,0
4644,3600.7949443999996,3600.7949443999996,0
4645,1686.984733,1686.984733,0
4648,5876.058052,5876.058052,0
4649,5876.058052,5876.058052,0
4650,463.7043798,463.7043798,0
4700,418.8127161,418.8127161,0
4701,435.3980203,435.3980203,0
4702,4991.391883,4991.391883,0
4703,19508.12044,19508.12044,0
4704,12548.09205,12548.09205,0
4705,12810.05228,12810.05228,0
4706,3961.096592,3961.096592,0
4709,20209.7029,20209.7029,0
4710,24559.94654,24559.94654,0
4711,14096.59341,14096.59341,0
4712,14267.55293,14267.55293,0
4713,7819.830213,7819.830213,0
4714,14170.33806,14170.33806,0
4715,14267.55293,14267.55293,0
4716,1304.658102,1304.658102,0
4719,436.9673266,436.9673266,0
4720,730.4967935,730.4967935,0
4721,258.5295085,258.5295085,0
4722,730.4967935,730.4967935,0
4723,956.7023762,956.7023762,0
4900,41145.44719,41145.44719,0
4901,31733.49097,31733.49097,0
4902,66872.82485,66872.82485,0
4903,84044.40709,84044.40709,0
4904,57368.76145,57368.76145,0
4905,95978.19041848001,95978.19041848001,0
4906,76329.1589,76329.1589,0
4907,120.9623172,120.9623172,0
4909,907.9401902000001,907.9401902000001,0
4910,17574.85929,17574.85929,0
4911,672.6997093,672.6997093,0
4912,1184.685002,1184.685002,0
4913,357.5879716,357.5879716,0
4914,25780.799,25780.799,0
4915,30952.84222,30952.84222,0
4916,42455.34717,42455.34717,0
4917,1246.20452,1246.20452,0
4918,33227.0904,33227.0904,0
4919,5317.915996989999,5317.915996989999,0
4920,24033.2437,24033.2437,0
4922,21342.90122,21342.90122,0
4923,63689.65146,63689.65146,0
4924,80838.93135,80838.93135,0
4925,53687.39606,53687.39606,0
4926,47696.60126,47696.60126,0
4927,17981.57562,17981.57562,0
4930,34249.65998,34249.65998,0
4931,31138.04083,31138.04083,0
4932,28931.16646,28931.16646,0
4933,31940.20074,31940.20074,0
4934,26035.35039,26035.35039,0
4935,23144.96261,23144.96261,0
4936,30910.35078,30910.35078,0
4937,29553.59458,29553.59458,0
4940,46254.54539,46254.54539,0
4941,45490.383,45490.383,0
4942,42326.35121,42326.35121,0
4943,35391.09167,35391.09167,0
4944,35789.93274,35789.93274,0
4945,36620.04247,36620.04247,0
4948,175010.1302,175010.1302,0
4949,175750.195,175750.195,0
4950,84926.26625,84926.26625,0
4951,123592.7432,123592.7432,0
4952,85449.58794,85449.58794,0
4953,109069.6749,109069.6749,0
4954,75585.86824,75585.86824,0
4955,53740.71632,53740.71632,0
4956,66772.81515,66772.81515,0
4957,46567.37294,46567.37294,0
4958,24989.8231,24989.8231,0
4959,87982.1045,87982.1045,0
4960,36819.98523,36819.98523,0
4961,9558.376496,9558.376496,0
4962,78.12073154,78.12073154,0
4963,543.2989183,543.2989183,0
4964,448.0002057,448.0002057,0
4965,66.91343721,66.91343721,0
4966,337.5727127,337.5727127,0
4967,95.64396113,95.64396113,0
4968,58.20055708,58.20055708,0
4969,334.6375075,334.6375075,0
4970,128.8830574,128.8830574,0
4971,79.22175486,79.22175486,0
4972,700.746369,700.746369,0
4973,45.82700328,45.82700328,0
4974,41330.67425,41330.67425,0
4975,38696.06524,38696.06524,0
4976,56650.27652,56650.27652,0
4977,179766.6164,179766.6164,0
4978,73384.79828,73384.79828,0
4979,149564.3307,149564.3307,0
4980,16444.75687,16444.75687,0
4981,90207.54555,90207.54555,0
4982,73225.96173,73225.96173,0
4983,264.659908,264.659908,0
4985,694.8275748,694.8275748,0
4986,406.6317403,406.6317403,0
4987,88130.35497,88130.35497,0
4988,152458.0916,152458.0916,0
5000,37312.1491,37312.1491,0
5001,43306.54101,43306.54101,0
5002,11884.12776,11884.12776,0
5005,58273.16119,58273.16119,0
5006,40601.29666,40601.29666,0
5007,53240.26813,53240.26813,0
5008,44318.78667,44318.78667,0
5009,24566.92025,24566.92025,0
5010,48785.13522,48785.13522,0
5011,161385.1867,161385.1867,0
5012,83442.89748,83442.89748,0
5013,14246.95613,14246.95613,0
5014,64306.01656,64306.01656,0
5015,69213.06517,69213.06517,0
5016,37832.99093,37832.99093,0
5017,84275.02697,84275.02697,0
5018,168572.8556,168572.8556,0
5019,82482.20609,82482.20609,0
5020,64919.60601,64919.60601,0
5021,71944.78148,71944.78148,0
5022,73579.28687,73579.28687,0
5023,88819.17619,88819.17619,0
5024,55575.00181,55575.00181,0
5025,69400.02307,69400.02307,0
